station_id,name,lat,lon,date,no2
BANDRA_KURLA_COMPLEX_MUMBAI_IITM,"Bandra Kurla Complex, Mumbai - IITM",19.053536,72.84643,2025-11-01 00:00,11.54
BANDRA_KURLA_COMPLEX_MUMBAI_IITM,"Bandra Kurla Complex, Mumbai - IITM",19.053536,72.84643,2025-11-02 00:00,16.74
BANDRA_KURLA_COMPLEX_MUMBAI_IITM,"Bandra Kurla Complex, Mumbai - IITM",19.053536,72.84643,2025-11-03 00:00,12.36
BANDRA_KURLA_COMPLEX_MUMBAI_IITM,"Bandra Kurla Complex, Mumbai - IITM",19.053536,72.84643,2025-11-04 00:00,38.41
BANDRA_KURLA_COMPLEX_MUMBAI_IITM,"Bandra Kurla Complex, Mumbai - IITM",19.053536,72.84643,2025-11-05 00:00,30.31
BANDRA_KURLA_COMPLEX_MUMBAI_IITM,"Bandra Kurla Complex, Mumbai - IITM",19.053536,72.84643,2025-11-06 00:00,34.46
BANDRA_KURLA_COMPLEX_MUMBAI_IITM,"Bandra Kurla Complex, Mumbai - IITM",19.053536,72.84643,2025-11-08 00:00,38.27
BANDRA_KURLA_COMPLEX_MUMBAI_IITM,"Bandra Kurla Complex, Mumbai - IITM",19.053536,72.84643,2025-11-09 00:00,30.65
BANDRA_KURLA_COMPLEX_MUMBAI_IITM,"Bandra Kurla Complex, Mumbai - IITM",19.053536,72.84643,2025-11-10 00:00,31.83
BANDRA_KURLA_COMPLEX_MUMBAI_IITM,"Bandra Kurla Complex, Mumbai - IITM",19.053536,72.84643,2025-11-11 00:00,33.75
BANDRA_KURLA_COMPLEX_MUMBAI_IITM,"Bandra Kurla Complex, Mumbai - IITM",19.053536,72.84643,2025-11-12 00:00,40.39
BANDRA_KURLA_COMPLEX_MUMBAI_IITM,"Bandra Kurla Complex, Mumbai - IITM",19.053536,72.84643,2025-11-13 00:00,36.84
BANDRA_KURLA_COMPLEX_MUMBAI_IITM,"Bandra Kurla Complex, Mumbai - IITM",19.053536,72.84643,2025-11-14 00:00,32.67
BANDRA_KURLA_COMPLEX_MUMBAI_IITM,"Bandra Kurla Complex, Mumbai - IITM",19.053536,72.84643,2025-11-15 00:00,31.97
BANDRA_KURLA_COMPLEX_MUMBAI_IITM,"Bandra Kurla Complex, Mumbai - IITM",19.053536,72.84643,2025-11-16 00:00,28.73
BANDRA_KURLA_COMPLEX_MUMBAI_IITM,"Bandra Kurla Complex, Mumbai - IITM",19.053536,72.84643,2025-12-06 00:00,22.44
BANDRA_KURLA_COMPLEX_MUMBAI_IITM,"Bandra Kurla Complex, Mumbai - IITM",19.053536,72.84643,2025-12-18 00:00,15.03
BANDRA_KURLA_COMPLEX_MUMBAI_IITM,"Bandra Kurla Complex, Mumbai - IITM",19.053536,72.84643,2025-12-19 00:00,16.96
BANDRA_KURLA_COMPLEX_MUMBAI_IITM,"Bandra Kurla Complex, Mumbai - IITM",19.053536,72.84643,2025-12-23 00:00,6.96
BANDRA_KURLA_COMPLEX_MUMBAI_IITM,"Bandra Kurla Complex, Mumbai - IITM",19.053536,72.84643,2025-12-24 00:00,10.66
BANDRA_KURLA_COMPLEX_MUMBAI_IITM,"Bandra Kurla Complex, Mumbai - IITM",19.053536,72.84643,2025-12-25 00:00,8.11
BANDRA_KURLA_COMPLEX_MUMBAI_IITM,"Bandra Kurla Complex, Mumbai - IITM",19.053536,72.84643,2025-12-26 00:00,9.5
BANDRA_KURLA_COMPLEX_MUMBAI_IITM,"Bandra Kurla Complex, Mumbai - IITM",19.053536,72.84643,2025-12-27 00:00,74.39
BANDRA_KURLA_COMPLEX_MUMBAI_IITM,"Bandra Kurla Complex, Mumbai - IITM",19.053536,72.84643,2025-12-28 00:00,77.63
BANDRA_KURLA_COMPLEX_MUMBAI_IITM,"Bandra Kurla Complex, Mumbai - IITM",19.053536,72.84643,2025-12-29 00:00,79.41
BANDRA_KURLA_COMPLEX_MUMBAI_IITM,"Bandra Kurla Complex, Mumbai - IITM",19.053536,72.84643,2025-12-30 00:00,73.55
BANDRA_KURLA_COMPLEX_MUMBAI_IITM,"Bandra Kurla Complex, Mumbai - IITM",19.053536,72.84643,2025-12-31 00:00,66.86
BANDRA_KURLA_COMPLEX_MUMBAI_MPCB,"Bandra Kurla Complex, Mumbai - MPCB",19.065931,72.862131,2025-11-01 00:00,21.27
BANDRA_KURLA_COMPLEX_MUMBAI_MPCB,"Bandra Kurla Complex, Mumbai - MPCB",19.065931,72.862131,2025-11-02 00:00,18.42
BANDRA_KURLA_COMPLEX_MUMBAI_MPCB,"Bandra Kurla Complex, Mumbai - MPCB",19.065931,72.862131,2025-11-03 00:00,19.69
BANDRA_KURLA_COMPLEX_MUMBAI_MPCB,"Bandra Kurla Complex, Mumbai - MPCB",19.065931,72.862131,2025-11-04 00:00,19.2
BANDRA_KURLA_COMPLEX_MUMBAI_MPCB,"Bandra Kurla Complex, Mumbai - MPCB",19.065931,72.862131,2025-11-05 00:00,22.66
BANDRA_KURLA_COMPLEX_MUMBAI_MPCB,"Bandra Kurla Complex, Mumbai - MPCB",19.065931,72.862131,2025-11-06 00:00,26.29
BANDRA_KURLA_COMPLEX_MUMBAI_MPCB,"Bandra Kurla Complex, Mumbai - MPCB",19.065931,72.862131,2025-11-07 00:00,36.77
BANDRA_KURLA_COMPLEX_MUMBAI_MPCB,"Bandra Kurla Complex, Mumbai - MPCB",19.065931,72.862131,2025-11-08 00:00,40.16
BANDRA_KURLA_COMPLEX_MUMBAI_MPCB,"Bandra Kurla Complex, Mumbai - MPCB",19.065931,72.862131,2025-11-09 00:00,38.37
BANDRA_KURLA_COMPLEX_MUMBAI_MPCB,"Bandra Kurla Complex, Mumbai - MPCB",19.065931,72.862131,2025-11-10 00:00,44.2
BANDRA_KURLA_COMPLEX_MUMBAI_MPCB,"Bandra Kurla Complex, Mumbai - MPCB",19.065931,72.862131,2025-11-11 00:00,40.73
BANDRA_KURLA_COMPLEX_MUMBAI_MPCB,"Bandra Kurla Complex, Mumbai - MPCB",19.065931,72.862131,2025-11-12 00:00,55.39
BANDRA_KURLA_COMPLEX_MUMBAI_MPCB,"Bandra Kurla Complex, Mumbai - MPCB",19.065931,72.862131,2025-11-13 00:00,59.87
BANDRA_KURLA_COMPLEX_MUMBAI_MPCB,"Bandra Kurla Complex, Mumbai - MPCB",19.065931,72.862131,2025-11-14 00:00,49.1
BANDRA_KURLA_COMPLEX_MUMBAI_MPCB,"Bandra Kurla Complex, Mumbai - MPCB",19.065931,72.862131,2025-11-15 00:00,53.08
BANDRA_KURLA_COMPLEX_MUMBAI_MPCB,"Bandra Kurla Complex, Mumbai - MPCB",19.065931,72.862131,2025-11-16 00:00,45.94
BANDRA_KURLA_COMPLEX_MUMBAI_MPCB,"Bandra Kurla Complex, Mumbai - MPCB",19.065931,72.862131,2025-11-17 00:00,46.25
BANDRA_KURLA_COMPLEX_MUMBAI_MPCB,"Bandra Kurla Complex, Mumbai - MPCB",19.065931,72.862131,2025-11-18 00:00,53.1
BANDRA_KURLA_COMPLEX_MUMBAI_MPCB,"Bandra Kurla Complex, Mumbai - MPCB",19.065931,72.862131,2025-11-19 00:00,59.03
BANDRA_KURLA_COMPLEX_MUMBAI_MPCB,"Bandra Kurla Complex, Mumbai - MPCB",19.065931,72.862131,2025-11-20 00:00,60.45
BANDRA_KURLA_COMPLEX_MUMBAI_MPCB,"Bandra Kurla Complex, Mumbai - MPCB",19.065931,72.862131,2025-11-21 00:00,57.83
BANDRA_KURLA_COMPLEX_MUMBAI_MPCB,"Bandra Kurla Complex, Mumbai - MPCB",19.065931,72.862131,2025-11-22 00:00,60.95
BANDRA_KURLA_COMPLEX_MUMBAI_MPCB,"Bandra Kurla Complex, Mumbai - MPCB",19.065931,72.862131,2025-11-23 00:00,52.87
BANDRA_KURLA_COMPLEX_MUMBAI_MPCB,"Bandra Kurla Complex, Mumbai - MPCB",19.065931,72.862131,2025-11-24 00:00,48.5
BANDRA_KURLA_COMPLEX_MUMBAI_MPCB,"Bandra Kurla Complex, Mumbai - MPCB",19.065931,72.862131,2025-11-25 00:00,51.35
BANDRA_KURLA_COMPLEX_MUMBAI_MPCB,"Bandra Kurla Complex, Mumbai - MPCB",19.065931,72.862131,2025-11-26 00:00,54.03
BANDRA_KURLA_COMPLEX_MUMBAI_MPCB,"Bandra Kurla Complex, Mumbai - MPCB",19.065931,72.862131,2025-11-27 00:00,50.24
BANDRA_KURLA_COMPLEX_MUMBAI_MPCB,"Bandra Kurla Complex, Mumbai - MPCB",19.065931,72.862131,2025-11-28 00:00,49.59
BANDRA_KURLA_COMPLEX_MUMBAI_MPCB,"Bandra Kurla Complex, Mumbai - MPCB",19.065931,72.862131,2025-11-29 00:00,52.54
BANDRA_KURLA_COMPLEX_MUMBAI_MPCB,"Bandra Kurla Complex, Mumbai - MPCB",19.065931,72.862131,2025-11-30 00:00,52.92
BANDRA_KURLA_COMPLEX_MUMBAI_MPCB,"Bandra Kurla Complex, Mumbai - MPCB",19.065931,72.862131,2025-12-01 00:00,46.49
BANDRA_KURLA_COMPLEX_MUMBAI_MPCB,"Bandra Kurla Complex, Mumbai - MPCB",19.065931,72.862131,2025-12-02 00:00,37.92
BANDRA_KURLA_COMPLEX_MUMBAI_MPCB,"Bandra Kurla Complex, Mumbai - MPCB",19.065931,72.862131,2025-12-03 00:00,62.31
BANDRA_KURLA_COMPLEX_MUMBAI_MPCB,"Bandra Kurla Complex, Mumbai - MPCB",19.065931,72.862131,2025-12-04 00:00,58.84
BANDRA_KURLA_COMPLEX_MUMBAI_MPCB,"Bandra Kurla Complex, Mumbai - MPCB",19.065931,72.862131,2025-12-05 00:00,52.96
BANDRA_KURLA_COMPLEX_MUMBAI_MPCB,"Bandra Kurla Complex, Mumbai - MPCB",19.065931,72.862131,2025-12-06 00:00,51.75
BANDRA_KURLA_COMPLEX_MUMBAI_MPCB,"Bandra Kurla Complex, Mumbai - MPCB",19.065931,72.862131,2025-12-07 00:00,52.57
BANDRA_KURLA_COMPLEX_MUMBAI_MPCB,"Bandra Kurla Complex, Mumbai - MPCB",19.065931,72.862131,2025-12-08 00:00,56.57
BANDRA_KURLA_COMPLEX_MUMBAI_MPCB,"Bandra Kurla Complex, Mumbai - MPCB",19.065931,72.862131,2025-12-09 00:00,52.45
BANDRA_KURLA_COMPLEX_MUMBAI_MPCB,"Bandra Kurla Complex, Mumbai - MPCB",19.065931,72.862131,2025-12-10 00:00,45.53
BANDRA_KURLA_COMPLEX_MUMBAI_MPCB,"Bandra Kurla Complex, Mumbai - MPCB",19.065931,72.862131,2025-12-11 00:00,53.27
BANDRA_KURLA_COMPLEX_MUMBAI_MPCB,"Bandra Kurla Complex, Mumbai - MPCB",19.065931,72.862131,2025-12-12 00:00,53.0
BANDRA_KURLA_COMPLEX_MUMBAI_MPCB,"Bandra Kurla Complex, Mumbai - MPCB",19.065931,72.862131,2025-12-13 00:00,54.33
BANDRA_KURLA_COMPLEX_MUMBAI_MPCB,"Bandra Kurla Complex, Mumbai - MPCB",19.065931,72.862131,2025-12-14 00:00,51.0
BANDRA_KURLA_COMPLEX_MUMBAI_MPCB,"Bandra Kurla Complex, Mumbai - MPCB",19.065931,72.862131,2025-12-15 00:00,57.2
BANDRA_KURLA_COMPLEX_MUMBAI_MPCB,"Bandra Kurla Complex, Mumbai - MPCB",19.065931,72.862131,2025-12-16 00:00,38.85
BANDRA_KURLA_COMPLEX_MUMBAI_MPCB,"Bandra Kurla Complex, Mumbai - MPCB",19.065931,72.862131,2025-12-17 00:00,58.86
BANDRA_KURLA_COMPLEX_MUMBAI_MPCB,"Bandra Kurla Complex, Mumbai - MPCB",19.065931,72.862131,2025-12-18 00:00,56.87
BANDRA_KURLA_COMPLEX_MUMBAI_MPCB,"Bandra Kurla Complex, Mumbai - MPCB",19.065931,72.862131,2025-12-19 00:00,51.96
BANDRA_KURLA_COMPLEX_MUMBAI_MPCB,"Bandra Kurla Complex, Mumbai - MPCB",19.065931,72.862131,2025-12-20 00:00,46.5
BANDRA_KURLA_COMPLEX_MUMBAI_MPCB,"Bandra Kurla Complex, Mumbai - MPCB",19.065931,72.862131,2025-12-21 00:00,45.23
BANDRA_KURLA_COMPLEX_MUMBAI_MPCB,"Bandra Kurla Complex, Mumbai - MPCB",19.065931,72.862131,2025-12-22 00:00,50.94
BANDRA_KURLA_COMPLEX_MUMBAI_MPCB,"Bandra Kurla Complex, Mumbai - MPCB",19.065931,72.862131,2025-12-23 00:00,48.39
BANDRA_KURLA_COMPLEX_MUMBAI_MPCB,"Bandra Kurla Complex, Mumbai - MPCB",19.065931,72.862131,2025-12-24 00:00,32.98
BANDRA_KURLA_COMPLEX_MUMBAI_MPCB,"Bandra Kurla Complex, Mumbai - MPCB",19.065931,72.862131,2025-12-25 00:00,45.34
BANDRA_KURLA_COMPLEX_MUMBAI_MPCB,"Bandra Kurla Complex, Mumbai - MPCB",19.065931,72.862131,2025-12-26 00:00,42.89
BANDRA_KURLA_COMPLEX_MUMBAI_MPCB,"Bandra Kurla Complex, Mumbai - MPCB",19.065931,72.862131,2025-12-27 00:00,45.81
BANDRA_KURLA_COMPLEX_MUMBAI_MPCB,"Bandra Kurla Complex, Mumbai - MPCB",19.065931,72.862131,2025-12-28 00:00,43.86
BANDRA_KURLA_COMPLEX_MUMBAI_MPCB,"Bandra Kurla Complex, Mumbai - MPCB",19.065931,72.862131,2025-12-29 00:00,52.83
BANDRA_KURLA_COMPLEX_MUMBAI_MPCB,"Bandra Kurla Complex, Mumbai - MPCB",19.065931,72.862131,2025-12-30 00:00,50.5
BANDRA_KURLA_COMPLEX_MUMBAI_MPCB,"Bandra Kurla Complex, Mumbai - MPCB",19.065931,72.862131,2025-12-31 00:00,44.53
BORIVALI_EAST_MUMBAI_IITM,"Borivali East, Mumbai - IITM",19.23241,72.86895,2025-11-01 00:00,44.48
BORIVALI_EAST_MUMBAI_IITM,"Borivali East, Mumbai - IITM",19.23241,72.86895,2025-11-02 00:00,54.12
BORIVALI_EAST_MUMBAI_IITM,"Borivali East, Mumbai - IITM",19.23241,72.86895,2025-11-03 00:00,48.17
BORIVALI_EAST_MUMBAI_IITM,"Borivali East, Mumbai - IITM",19.23241,72.86895,2025-11-04 00:00,48.5
BORIVALI_EAST_MUMBAI_IITM,"Borivali East, Mumbai - IITM",19.23241,72.86895,2025-11-05 00:00,49.13
BORIVALI_EAST_MUMBAI_IITM,"Borivali East, Mumbai - IITM",19.23241,72.86895,2025-11-07 00:00,58.91
BORIVALI_EAST_MUMBAI_IITM,"Borivali East, Mumbai - IITM",19.23241,72.86895,2025-11-08 00:00,53.82
BORIVALI_EAST_MUMBAI_IITM,"Borivali East, Mumbai - IITM",19.23241,72.86895,2025-11-09 00:00,45.84
BORIVALI_EAST_MUMBAI_IITM,"Borivali East, Mumbai - IITM",19.23241,72.86895,2025-11-10 00:00,52.74
BORIVALI_EAST_MUMBAI_IITM,"Borivali East, Mumbai - IITM",19.23241,72.86895,2025-11-11 00:00,31.61
BORIVALI_EAST_MUMBAI_IITM,"Borivali East, Mumbai - IITM",19.23241,72.86895,2025-11-12 00:00,40.64
BORIVALI_EAST_MUMBAI_IITM,"Borivali East, Mumbai - IITM",19.23241,72.86895,2025-11-13 00:00,50.56
BORIVALI_EAST_MUMBAI_IITM,"Borivali East, Mumbai - IITM",19.23241,72.86895,2025-11-14 00:00,45.34
BORIVALI_EAST_MUMBAI_IITM,"Borivali East, Mumbai - IITM",19.23241,72.86895,2025-11-15 00:00,47.42
BORIVALI_EAST_MUMBAI_IITM,"Borivali East, Mumbai - IITM",19.23241,72.86895,2025-11-16 00:00,51.25
BORIVALI_EAST_MUMBAI_IITM,"Borivali East, Mumbai - IITM",19.23241,72.86895,2025-11-17 00:00,48.0
BORIVALI_EAST_MUMBAI_IITM,"Borivali East, Mumbai - IITM",19.23241,72.86895,2025-11-18 00:00,48.97
BORIVALI_EAST_MUMBAI_IITM,"Borivali East, Mumbai - IITM",19.23241,72.86895,2025-11-19 00:00,49.77
BORIVALI_EAST_MUMBAI_IITM,"Borivali East, Mumbai - IITM",19.23241,72.86895,2025-11-20 00:00,51.27
BORIVALI_EAST_MUMBAI_IITM,"Borivali East, Mumbai - IITM",19.23241,72.86895,2025-11-21 00:00,56.32
BORIVALI_EAST_MUMBAI_IITM,"Borivali East, Mumbai - IITM",19.23241,72.86895,2025-11-22 00:00,65.38
BORIVALI_EAST_MUMBAI_IITM,"Borivali East, Mumbai - IITM",19.23241,72.86895,2025-11-23 00:00,58.83
BORIVALI_EAST_MUMBAI_IITM,"Borivali East, Mumbai - IITM",19.23241,72.86895,2025-11-24 00:00,57.52
BORIVALI_EAST_MUMBAI_IITM,"Borivali East, Mumbai - IITM",19.23241,72.86895,2025-11-25 00:00,58.41
BORIVALI_EAST_MUMBAI_IITM,"Borivali East, Mumbai - IITM",19.23241,72.86895,2025-11-26 00:00,66.15
BORIVALI_EAST_MUMBAI_IITM,"Borivali East, Mumbai - IITM",19.23241,72.86895,2025-11-27 00:00,54.45
BORIVALI_EAST_MUMBAI_IITM,"Borivali East, Mumbai - IITM",19.23241,72.86895,2025-11-28 00:00,50.61
BORIVALI_EAST_MUMBAI_IITM,"Borivali East, Mumbai - IITM",19.23241,72.86895,2025-11-29 00:00,55.43
BORIVALI_EAST_MUMBAI_IITM,"Borivali East, Mumbai - IITM",19.23241,72.86895,2025-11-30 00:00,55.83
BORIVALI_EAST_MUMBAI_IITM,"Borivali East, Mumbai - IITM",19.23241,72.86895,2025-12-01 00:00,79.75
BORIVALI_EAST_MUMBAI_IITM,"Borivali East, Mumbai - IITM",19.23241,72.86895,2025-12-02 00:00,142.88
BORIVALI_EAST_MUMBAI_IITM,"Borivali East, Mumbai - IITM",19.23241,72.86895,2025-12-03 00:00,151.75
BORIVALI_EAST_MUMBAI_IITM,"Borivali East, Mumbai - IITM",19.23241,72.86895,2025-12-04 00:00,150.09
BORIVALI_EAST_MUMBAI_IITM,"Borivali East, Mumbai - IITM",19.23241,72.86895,2025-12-05 00:00,86.25
BORIVALI_EAST_MUMBAI_IITM,"Borivali East, Mumbai - IITM",19.23241,72.86895,2025-12-06 00:00,78.21
BORIVALI_EAST_MUMBAI_IITM,"Borivali East, Mumbai - IITM",19.23241,72.86895,2025-12-07 00:00,70.58
BORIVALI_EAST_MUMBAI_IITM,"Borivali East, Mumbai - IITM",19.23241,72.86895,2025-12-08 00:00,56.62
BORIVALI_EAST_MUMBAI_IITM,"Borivali East, Mumbai - IITM",19.23241,72.86895,2025-12-09 00:00,54.18
BORIVALI_EAST_MUMBAI_IITM,"Borivali East, Mumbai - IITM",19.23241,72.86895,2025-12-10 00:00,43.17
BORIVALI_EAST_MUMBAI_IITM,"Borivali East, Mumbai - IITM",19.23241,72.86895,2025-12-11 00:00,36.17
BORIVALI_EAST_MUMBAI_IITM,"Borivali East, Mumbai - IITM",19.23241,72.86895,2025-12-12 00:00,27.48
BORIVALI_EAST_MUMBAI_IITM,"Borivali East, Mumbai - IITM",19.23241,72.86895,2025-12-13 00:00,23.66
BORIVALI_EAST_MUMBAI_IITM,"Borivali East, Mumbai - IITM",19.23241,72.86895,2025-12-14 00:00,25.6
BORIVALI_EAST_MUMBAI_IITM,"Borivali East, Mumbai - IITM",19.23241,72.86895,2025-12-15 00:00,22.37
BORIVALI_EAST_MUMBAI_IITM,"Borivali East, Mumbai - IITM",19.23241,72.86895,2025-12-16 00:00,23.15
BORIVALI_EAST_MUMBAI_IITM,"Borivali East, Mumbai - IITM",19.23241,72.86895,2025-12-17 00:00,18.04
BORIVALI_EAST_MUMBAI_IITM,"Borivali East, Mumbai - IITM",19.23241,72.86895,2025-12-19 00:00,70.5
BORIVALI_EAST_MUMBAI_IITM,"Borivali East, Mumbai - IITM",19.23241,72.86895,2025-12-20 00:00,34.16
BORIVALI_EAST_MUMBAI_IITM,"Borivali East, Mumbai - IITM",19.23241,72.86895,2025-12-21 00:00,36.73
BORIVALI_EAST_MUMBAI_IITM,"Borivali East, Mumbai - IITM",19.23241,72.86895,2025-12-22 00:00,32.73
BORIVALI_EAST_MUMBAI_IITM,"Borivali East, Mumbai - IITM",19.23241,72.86895,2025-12-24 00:00,84.04
BORIVALI_EAST_MUMBAI_IITM,"Borivali East, Mumbai - IITM",19.23241,72.86895,2025-12-25 00:00,66.58
BORIVALI_EAST_MUMBAI_IITM,"Borivali East, Mumbai - IITM",19.23241,72.86895,2025-12-26 00:00,66.45
BORIVALI_EAST_MUMBAI_IITM,"Borivali East, Mumbai - IITM",19.23241,72.86895,2025-12-27 00:00,58.62
BORIVALI_EAST_MUMBAI_IITM,"Borivali East, Mumbai - IITM",19.23241,72.86895,2025-12-28 00:00,32.97
BORIVALI_EAST_MUMBAI_IITM,"Borivali East, Mumbai - IITM",19.23241,72.86895,2025-12-29 00:00,16.53
BORIVALI_EAST_MUMBAI_IITM,"Borivali East, Mumbai - IITM",19.23241,72.86895,2025-12-30 00:00,3.86
BORIVALI_EAST_MUMBAI_MPCB,"Borivali East, Mumbai - MPCB",19.2243333,72.8658113,2025-11-04 00:00,4.61
BORIVALI_EAST_MUMBAI_MPCB,"Borivali East, Mumbai - MPCB",19.2243333,72.8658113,2025-11-05 00:00,3.36
BORIVALI_EAST_MUMBAI_MPCB,"Borivali East, Mumbai - MPCB",19.2243333,72.8658113,2025-11-06 00:00,4.75
BORIVALI_EAST_MUMBAI_MPCB,"Borivali East, Mumbai - MPCB",19.2243333,72.8658113,2025-11-07 00:00,4.3
BORIVALI_EAST_MUMBAI_MPCB,"Borivali East, Mumbai - MPCB",19.2243333,72.8658113,2025-11-08 00:00,4.7
BORIVALI_EAST_MUMBAI_MPCB,"Borivali East, Mumbai - MPCB",19.2243333,72.8658113,2025-11-09 00:00,3.55
BORIVALI_EAST_MUMBAI_MPCB,"Borivali East, Mumbai - MPCB",19.2243333,72.8658113,2025-11-10 00:00,4.13
BORIVALI_EAST_MUMBAI_MPCB,"Borivali East, Mumbai - MPCB",19.2243333,72.8658113,2025-11-13 00:00,4.58
BORIVALI_EAST_MUMBAI_MPCB,"Borivali East, Mumbai - MPCB",19.2243333,72.8658113,2025-11-14 00:00,14.91
BORIVALI_EAST_MUMBAI_MPCB,"Borivali East, Mumbai - MPCB",19.2243333,72.8658113,2025-11-15 00:00,20.01
BORIVALI_EAST_MUMBAI_MPCB,"Borivali East, Mumbai - MPCB",19.2243333,72.8658113,2025-11-16 00:00,9.57
BORIVALI_EAST_MUMBAI_MPCB,"Borivali East, Mumbai - MPCB",19.2243333,72.8658113,2025-11-17 00:00,7.68
BORIVALI_EAST_MUMBAI_MPCB,"Borivali East, Mumbai - MPCB",19.2243333,72.8658113,2025-11-18 00:00,7.93
BORIVALI_EAST_MUMBAI_MPCB,"Borivali East, Mumbai - MPCB",19.2243333,72.8658113,2025-11-19 00:00,8.67
BORIVALI_EAST_MUMBAI_MPCB,"Borivali East, Mumbai - MPCB",19.2243333,72.8658113,2025-11-21 00:00,9.23
BORIVALI_EAST_MUMBAI_MPCB,"Borivali East, Mumbai - MPCB",19.2243333,72.8658113,2025-11-22 00:00,5.79
BORIVALI_EAST_MUMBAI_MPCB,"Borivali East, Mumbai - MPCB",19.2243333,72.8658113,2025-11-23 00:00,4.74
BORIVALI_EAST_MUMBAI_MPCB,"Borivali East, Mumbai - MPCB",19.2243333,72.8658113,2025-11-24 00:00,6.79
BORIVALI_EAST_MUMBAI_MPCB,"Borivali East, Mumbai - MPCB",19.2243333,72.8658113,2025-11-25 00:00,10.65
BORIVALI_EAST_MUMBAI_MPCB,"Borivali East, Mumbai - MPCB",19.2243333,72.8658113,2025-11-26 00:00,11.28
BORIVALI_EAST_MUMBAI_MPCB,"Borivali East, Mumbai - MPCB",19.2243333,72.8658113,2025-11-27 00:00,9.29
BORIVALI_EAST_MUMBAI_MPCB,"Borivali East, Mumbai - MPCB",19.2243333,72.8658113,2025-11-28 00:00,5.93
BORIVALI_EAST_MUMBAI_MPCB,"Borivali East, Mumbai - MPCB",19.2243333,72.8658113,2025-11-29 00:00,6.84
BORIVALI_EAST_MUMBAI_MPCB,"Borivali East, Mumbai - MPCB",19.2243333,72.8658113,2025-11-30 00:00,7.16
BORIVALI_EAST_MUMBAI_MPCB,"Borivali East, Mumbai - MPCB",19.2243333,72.8658113,2025-12-01 00:00,8.83
BORIVALI_EAST_MUMBAI_MPCB,"Borivali East, Mumbai - MPCB",19.2243333,72.8658113,2025-12-02 00:00,5.04
BORIVALI_EAST_MUMBAI_MPCB,"Borivali East, Mumbai - MPCB",19.2243333,72.8658113,2025-12-03 00:00,6.68
BORIVALI_EAST_MUMBAI_MPCB,"Borivali East, Mumbai - MPCB",19.2243333,72.8658113,2025-12-04 00:00,7.32
BORIVALI_EAST_MUMBAI_MPCB,"Borivali East, Mumbai - MPCB",19.2243333,72.8658113,2025-12-05 00:00,7.12
BORIVALI_EAST_MUMBAI_MPCB,"Borivali East, Mumbai - MPCB",19.2243333,72.8658113,2025-12-06 00:00,8.76
BORIVALI_EAST_MUMBAI_MPCB,"Borivali East, Mumbai - MPCB",19.2243333,72.8658113,2025-12-07 00:00,8.74
BORIVALI_EAST_MUMBAI_MPCB,"Borivali East, Mumbai - MPCB",19.2243333,72.8658113,2025-12-08 00:00,7.98
BORIVALI_EAST_MUMBAI_MPCB,"Borivali East, Mumbai - MPCB",19.2243333,72.8658113,2025-12-09 00:00,6.54
BORIVALI_EAST_MUMBAI_MPCB,"Borivali East, Mumbai - MPCB",19.2243333,72.8658113,2025-12-10 00:00,7.82
BORIVALI_EAST_MUMBAI_MPCB,"Borivali East, Mumbai - MPCB",19.2243333,72.8658113,2025-12-11 00:00,6.74
BORIVALI_EAST_MUMBAI_MPCB,"Borivali East, Mumbai - MPCB",19.2243333,72.8658113,2025-12-12 00:00,8.02
BORIVALI_EAST_MUMBAI_MPCB,"Borivali East, Mumbai - MPCB",19.2243333,72.8658113,2025-12-13 00:00,7.78
BORIVALI_EAST_MUMBAI_MPCB,"Borivali East, Mumbai - MPCB",19.2243333,72.8658113,2025-12-14 00:00,4.77
BORIVALI_EAST_MUMBAI_MPCB,"Borivali East, Mumbai - MPCB",19.2243333,72.8658113,2025-12-15 00:00,4.95
BORIVALI_EAST_MUMBAI_MPCB,"Borivali East, Mumbai - MPCB",19.2243333,72.8658113,2025-12-18 00:00,5.86
BORIVALI_EAST_MUMBAI_MPCB,"Borivali East, Mumbai - MPCB",19.2243333,72.8658113,2025-12-19 00:00,3.58
BORIVALI_EAST_MUMBAI_MPCB,"Borivali East, Mumbai - MPCB",19.2243333,72.8658113,2025-12-20 00:00,2.52
BORIVALI_EAST_MUMBAI_MPCB,"Borivali East, Mumbai - MPCB",19.2243333,72.8658113,2025-12-21 00:00,3.12
BORIVALI_EAST_MUMBAI_MPCB,"Borivali East, Mumbai - MPCB",19.2243333,72.8658113,2025-12-22 00:00,3.67
BORIVALI_EAST_MUMBAI_MPCB,"Borivali East, Mumbai - MPCB",19.2243333,72.8658113,2025-12-23 00:00,2.94
BORIVALI_EAST_MUMBAI_MPCB,"Borivali East, Mumbai - MPCB",19.2243333,72.8658113,2025-12-24 00:00,3.73
BORIVALI_EAST_MUMBAI_MPCB,"Borivali East, Mumbai - MPCB",19.2243333,72.8658113,2025-12-25 00:00,3.65
BORIVALI_EAST_MUMBAI_MPCB,"Borivali East, Mumbai - MPCB",19.2243333,72.8658113,2025-12-26 00:00,4.21
BORIVALI_EAST_MUMBAI_MPCB,"Borivali East, Mumbai - MPCB",19.2243333,72.8658113,2025-12-27 00:00,4.54
BORIVALI_EAST_MUMBAI_MPCB,"Borivali East, Mumbai - MPCB",19.2243333,72.8658113,2025-12-28 00:00,4.78
BORIVALI_EAST_MUMBAI_MPCB,"Borivali East, Mumbai - MPCB",19.2243333,72.8658113,2025-12-29 00:00,4.16
BORIVALI_EAST_MUMBAI_MPCB,"Borivali East, Mumbai - MPCB",19.2243333,72.8658113,2025-12-30 00:00,11.86
BORIVALI_EAST_MUMBAI_MPCB,"Borivali East, Mumbai - MPCB",19.2243333,72.8658113,2025-12-31 00:00,10.85
BYCULLA_MUMBAI_BMC,"Byculla, Mumbai - BMC",18.9767,72.838,2025-11-01 00:00,27.58
BYCULLA_MUMBAI_BMC,"Byculla, Mumbai - BMC",18.9767,72.838,2025-11-02 00:00,25.68
BYCULLA_MUMBAI_BMC,"Byculla, Mumbai - BMC",18.9767,72.838,2025-11-03 00:00,22.71
BYCULLA_MUMBAI_BMC,"Byculla, Mumbai - BMC",18.9767,72.838,2025-11-04 00:00,18.38
BYCULLA_MUMBAI_BMC,"Byculla, Mumbai - BMC",18.9767,72.838,2025-11-05 00:00,21.39
BYCULLA_MUMBAI_BMC,"Byculla, Mumbai - BMC",18.9767,72.838,2025-11-06 00:00,30.18
BYCULLA_MUMBAI_BMC,"Byculla, Mumbai - BMC",18.9767,72.838,2025-11-07 00:00,41.82
BYCULLA_MUMBAI_BMC,"Byculla, Mumbai - BMC",18.9767,72.838,2025-11-08 00:00,48.91
BYCULLA_MUMBAI_BMC,"Byculla, Mumbai - BMC",18.9767,72.838,2025-11-09 00:00,43.88
BYCULLA_MUMBAI_BMC,"Byculla, Mumbai - BMC",18.9767,72.838,2025-11-10 00:00,55.14
BYCULLA_MUMBAI_BMC,"Byculla, Mumbai - BMC",18.9767,72.838,2025-11-11 00:00,56.66
BYCULLA_MUMBAI_BMC,"Byculla, Mumbai - BMC",18.9767,72.838,2025-11-12 00:00,67.34
BYCULLA_MUMBAI_BMC,"Byculla, Mumbai - BMC",18.9767,72.838,2025-11-13 00:00,73.53
BYCULLA_MUMBAI_BMC,"Byculla, Mumbai - BMC",18.9767,72.838,2025-11-14 00:00,78.73
BYCULLA_MUMBAI_BMC,"Byculla, Mumbai - BMC",18.9767,72.838,2025-11-15 00:00,104.17
BYCULLA_MUMBAI_BMC,"Byculla, Mumbai - BMC",18.9767,72.838,2025-11-16 00:00,72.82
BYCULLA_MUMBAI_BMC,"Byculla, Mumbai - BMC",18.9767,72.838,2025-11-17 00:00,63.06
BYCULLA_MUMBAI_BMC,"Byculla, Mumbai - BMC",18.9767,72.838,2025-11-18 00:00,70.29
BYCULLA_MUMBAI_BMC,"Byculla, Mumbai - BMC",18.9767,72.838,2025-11-19 00:00,80.9
BYCULLA_MUMBAI_BMC,"Byculla, Mumbai - BMC",18.9767,72.838,2025-11-20 00:00,99.82
BYCULLA_MUMBAI_BMC,"Byculla, Mumbai - BMC",18.9767,72.838,2025-11-21 00:00,112.16
BYCULLA_MUMBAI_BMC,"Byculla, Mumbai - BMC",18.9767,72.838,2025-11-22 00:00,91.66
BYCULLA_MUMBAI_BMC,"Byculla, Mumbai - BMC",18.9767,72.838,2025-11-23 00:00,89.64
BYCULLA_MUMBAI_BMC,"Byculla, Mumbai - BMC",18.9767,72.838,2025-11-24 00:00,78.18
BYCULLA_MUMBAI_BMC,"Byculla, Mumbai - BMC",18.9767,72.838,2025-11-25 00:00,77.0
BYCULLA_MUMBAI_BMC,"Byculla, Mumbai - BMC",18.9767,72.838,2025-11-26 00:00,69.1
BYCULLA_MUMBAI_BMC,"Byculla, Mumbai - BMC",18.9767,72.838,2025-11-27 00:00,64.29
BYCULLA_MUMBAI_BMC,"Byculla, Mumbai - BMC",18.9767,72.838,2025-11-28 00:00,83.61
BYCULLA_MUMBAI_BMC,"Byculla, Mumbai - BMC",18.9767,72.838,2025-11-29 00:00,65.59
BYCULLA_MUMBAI_BMC,"Byculla, Mumbai - BMC",18.9767,72.838,2025-12-09 00:00,105.16
BYCULLA_MUMBAI_BMC,"Byculla, Mumbai - BMC",18.9767,72.838,2025-12-10 00:00,94.83
BYCULLA_MUMBAI_BMC,"Byculla, Mumbai - BMC",18.9767,72.838,2025-12-11 00:00,83.2
BYCULLA_MUMBAI_BMC,"Byculla, Mumbai - BMC",18.9767,72.838,2025-12-12 00:00,96.71
BYCULLA_MUMBAI_BMC,"Byculla, Mumbai - BMC",18.9767,72.838,2025-12-13 00:00,98.51
BYCULLA_MUMBAI_BMC,"Byculla, Mumbai - BMC",18.9767,72.838,2025-12-14 00:00,90.76
BYCULLA_MUMBAI_BMC,"Byculla, Mumbai - BMC",18.9767,72.838,2025-12-15 00:00,94.4
BYCULLA_MUMBAI_BMC,"Byculla, Mumbai - BMC",18.9767,72.838,2025-12-16 00:00,77.67
BYCULLA_MUMBAI_BMC,"Byculla, Mumbai - BMC",18.9767,72.838,2025-12-17 00:00,97.04
BYCULLA_MUMBAI_BMC,"Byculla, Mumbai - BMC",18.9767,72.838,2025-12-18 00:00,96.63
BYCULLA_MUMBAI_BMC,"Byculla, Mumbai - BMC",18.9767,72.838,2025-12-19 00:00,71.73
BYCULLA_MUMBAI_BMC,"Byculla, Mumbai - BMC",18.9767,72.838,2025-12-20 00:00,82.21
BYCULLA_MUMBAI_BMC,"Byculla, Mumbai - BMC",18.9767,72.838,2025-12-21 00:00,80.47
BYCULLA_MUMBAI_BMC,"Byculla, Mumbai - BMC",18.9767,72.838,2025-12-22 00:00,91.07
BYCULLA_MUMBAI_BMC,"Byculla, Mumbai - BMC",18.9767,72.838,2025-12-23 00:00,86.47
BYCULLA_MUMBAI_BMC,"Byculla, Mumbai - BMC",18.9767,72.838,2025-12-24 00:00,79.23
BYCULLA_MUMBAI_BMC,"Byculla, Mumbai - BMC",18.9767,72.838,2025-12-25 00:00,74.94
BYCULLA_MUMBAI_BMC,"Byculla, Mumbai - BMC",18.9767,72.838,2025-12-26 00:00,127.92
BYCULLA_MUMBAI_BMC,"Byculla, Mumbai - BMC",18.9767,72.838,2025-12-27 00:00,79.04
BYCULLA_MUMBAI_BMC,"Byculla, Mumbai - BMC",18.9767,72.838,2025-12-28 00:00,88.96
BYCULLA_MUMBAI_BMC,"Byculla, Mumbai - BMC",18.9767,72.838,2025-12-29 00:00,79.85
BYCULLA_MUMBAI_BMC,"Byculla, Mumbai - BMC",18.9767,72.838,2025-12-30 00:00,93.5
BYCULLA_MUMBAI_BMC,"Byculla, Mumbai - BMC",18.9767,72.838,2025-12-31 00:00,88.61
CHAKALA_ANDHERI_EAST_MUMBAI_IITM,"Chakala-Andheri East, Mumbai - IITM",19.11074,72.86084,2025-11-01 00:00,34.88
CHAKALA_ANDHERI_EAST_MUMBAI_IITM,"Chakala-Andheri East, Mumbai - IITM",19.11074,72.86084,2025-11-02 00:00,34.02
CHAKALA_ANDHERI_EAST_MUMBAI_IITM,"Chakala-Andheri East, Mumbai - IITM",19.11074,72.86084,2025-11-03 00:00,35.12
CHAKALA_ANDHERI_EAST_MUMBAI_IITM,"Chakala-Andheri East, Mumbai - IITM",19.11074,72.86084,2025-11-04 00:00,46.5
CHAKALA_ANDHERI_EAST_MUMBAI_IITM,"Chakala-Andheri East, Mumbai - IITM",19.11074,72.86084,2025-11-05 00:00,36.37
CHAKALA_ANDHERI_EAST_MUMBAI_IITM,"Chakala-Andheri East, Mumbai - IITM",19.11074,72.86084,2025-11-06 00:00,43.78
CHAKALA_ANDHERI_EAST_MUMBAI_IITM,"Chakala-Andheri East, Mumbai - IITM",19.11074,72.86084,2025-11-07 00:00,59.95
CHAKALA_ANDHERI_EAST_MUMBAI_IITM,"Chakala-Andheri East, Mumbai - IITM",19.11074,72.86084,2025-11-08 00:00,59.66
CHAKALA_ANDHERI_EAST_MUMBAI_IITM,"Chakala-Andheri East, Mumbai - IITM",19.11074,72.86084,2025-11-09 00:00,56.37
CHAKALA_ANDHERI_EAST_MUMBAI_IITM,"Chakala-Andheri East, Mumbai - IITM",19.11074,72.86084,2025-11-10 00:00,66.23
CHAKALA_ANDHERI_EAST_MUMBAI_IITM,"Chakala-Andheri East, Mumbai - IITM",19.11074,72.86084,2025-11-11 00:00,73.03
CHAKALA_ANDHERI_EAST_MUMBAI_IITM,"Chakala-Andheri East, Mumbai - IITM",19.11074,72.86084,2025-11-12 00:00,57.56
CHAKALA_ANDHERI_EAST_MUMBAI_IITM,"Chakala-Andheri East, Mumbai - IITM",19.11074,72.86084,2025-11-13 00:00,67.02
CHAKALA_ANDHERI_EAST_MUMBAI_IITM,"Chakala-Andheri East, Mumbai - IITM",19.11074,72.86084,2025-11-14 00:00,74.21
CHAKALA_ANDHERI_EAST_MUMBAI_IITM,"Chakala-Andheri East, Mumbai - IITM",19.11074,72.86084,2025-11-15 00:00,89.32
CHAKALA_ANDHERI_EAST_MUMBAI_IITM,"Chakala-Andheri East, Mumbai - IITM",19.11074,72.86084,2025-11-16 00:00,64.36
CHAKALA_ANDHERI_EAST_MUMBAI_IITM,"Chakala-Andheri East, Mumbai - IITM",19.11074,72.86084,2025-11-17 00:00,56.35
CHAKALA_ANDHERI_EAST_MUMBAI_IITM,"Chakala-Andheri East, Mumbai - IITM",19.11074,72.86084,2025-11-18 00:00,63.42
CHAKALA_ANDHERI_EAST_MUMBAI_IITM,"Chakala-Andheri East, Mumbai - IITM",19.11074,72.86084,2025-11-19 00:00,79.07
CHAKALA_ANDHERI_EAST_MUMBAI_IITM,"Chakala-Andheri East, Mumbai - IITM",19.11074,72.86084,2025-11-20 00:00,85.05
CHAKALA_ANDHERI_EAST_MUMBAI_IITM,"Chakala-Andheri East, Mumbai - IITM",19.11074,72.86084,2025-11-21 00:00,83.41
CHAKALA_ANDHERI_EAST_MUMBAI_IITM,"Chakala-Andheri East, Mumbai - IITM",19.11074,72.86084,2025-11-22 00:00,93.5
CHAKALA_ANDHERI_EAST_MUMBAI_IITM,"Chakala-Andheri East, Mumbai - IITM",19.11074,72.86084,2025-11-23 00:00,85.98
CHAKALA_ANDHERI_EAST_MUMBAI_IITM,"Chakala-Andheri East, Mumbai - IITM",19.11074,72.86084,2025-11-24 00:00,96.6
CHAKALA_ANDHERI_EAST_MUMBAI_IITM,"Chakala-Andheri East, Mumbai - IITM",19.11074,72.86084,2025-11-25 00:00,90.19
CHAKALA_ANDHERI_EAST_MUMBAI_IITM,"Chakala-Andheri East, Mumbai - IITM",19.11074,72.86084,2025-11-26 00:00,87.76
CHAKALA_ANDHERI_EAST_MUMBAI_IITM,"Chakala-Andheri East, Mumbai - IITM",19.11074,72.86084,2025-11-27 00:00,76.24
CHAKALA_ANDHERI_EAST_MUMBAI_IITM,"Chakala-Andheri East, Mumbai - IITM",19.11074,72.86084,2025-11-28 00:00,78.32
CHAKALA_ANDHERI_EAST_MUMBAI_IITM,"Chakala-Andheri East, Mumbai - IITM",19.11074,72.86084,2025-11-29 00:00,52.62
CHAKALA_ANDHERI_EAST_MUMBAI_IITM,"Chakala-Andheri East, Mumbai - IITM",19.11074,72.86084,2025-11-30 00:00,56.58
CHAKALA_ANDHERI_EAST_MUMBAI_IITM,"Chakala-Andheri East, Mumbai - IITM",19.11074,72.86084,2025-12-01 00:00,57.52
CHAKALA_ANDHERI_EAST_MUMBAI_IITM,"Chakala-Andheri East, Mumbai - IITM",19.11074,72.86084,2025-12-02 00:00,60.53
CHAKALA_ANDHERI_EAST_MUMBAI_IITM,"Chakala-Andheri East, Mumbai - IITM",19.11074,72.86084,2025-12-03 00:00,54.51
CHAKALA_ANDHERI_EAST_MUMBAI_IITM,"Chakala-Andheri East, Mumbai - IITM",19.11074,72.86084,2025-12-04 00:00,51.06
CHAKALA_ANDHERI_EAST_MUMBAI_IITM,"Chakala-Andheri East, Mumbai - IITM",19.11074,72.86084,2025-12-05 00:00,50.07
CHAKALA_ANDHERI_EAST_MUMBAI_IITM,"Chakala-Andheri East, Mumbai - IITM",19.11074,72.86084,2025-12-06 00:00,43.91
CHAKALA_ANDHERI_EAST_MUMBAI_IITM,"Chakala-Andheri East, Mumbai - IITM",19.11074,72.86084,2025-12-07 00:00,48.38
CHAKALA_ANDHERI_EAST_MUMBAI_IITM,"Chakala-Andheri East, Mumbai - IITM",19.11074,72.86084,2025-12-08 00:00,64.66
CHAKALA_ANDHERI_EAST_MUMBAI_IITM,"Chakala-Andheri East, Mumbai - IITM",19.11074,72.86084,2025-12-09 00:00,52.95
CHAKALA_ANDHERI_EAST_MUMBAI_IITM,"Chakala-Andheri East, Mumbai - IITM",19.11074,72.86084,2025-12-10 00:00,50.84
CHAKALA_ANDHERI_EAST_MUMBAI_IITM,"Chakala-Andheri East, Mumbai - IITM",19.11074,72.86084,2025-12-11 00:00,56.83
CHAKALA_ANDHERI_EAST_MUMBAI_IITM,"Chakala-Andheri East, Mumbai - IITM",19.11074,72.86084,2025-12-12 00:00,58.59
CHAKALA_ANDHERI_EAST_MUMBAI_IITM,"Chakala-Andheri East, Mumbai - IITM",19.11074,72.86084,2025-12-13 00:00,40.68
CHAKALA_ANDHERI_EAST_MUMBAI_IITM,"Chakala-Andheri East, Mumbai - IITM",19.11074,72.86084,2025-12-14 00:00,40.77
CHAKALA_ANDHERI_EAST_MUMBAI_IITM,"Chakala-Andheri East, Mumbai - IITM",19.11074,72.86084,2025-12-15 00:00,39.08
CHAKALA_ANDHERI_EAST_MUMBAI_IITM,"Chakala-Andheri East, Mumbai - IITM",19.11074,72.86084,2025-12-16 00:00,54.63
CHAKALA_ANDHERI_EAST_MUMBAI_IITM,"Chakala-Andheri East, Mumbai - IITM",19.11074,72.86084,2025-12-17 00:00,54.48
CHAKALA_ANDHERI_EAST_MUMBAI_IITM,"Chakala-Andheri East, Mumbai - IITM",19.11074,72.86084,2025-12-18 00:00,62.11
CHAKALA_ANDHERI_EAST_MUMBAI_IITM,"Chakala-Andheri East, Mumbai - IITM",19.11074,72.86084,2025-12-19 00:00,61.06
CHAKALA_ANDHERI_EAST_MUMBAI_IITM,"Chakala-Andheri East, Mumbai - IITM",19.11074,72.86084,2025-12-20 00:00,67.69
CHAKALA_ANDHERI_EAST_MUMBAI_IITM,"Chakala-Andheri East, Mumbai - IITM",19.11074,72.86084,2025-12-21 00:00,57.55
CHAKALA_ANDHERI_EAST_MUMBAI_IITM,"Chakala-Andheri East, Mumbai - IITM",19.11074,72.86084,2025-12-22 00:00,64.14
CHAKALA_ANDHERI_EAST_MUMBAI_IITM,"Chakala-Andheri East, Mumbai - IITM",19.11074,72.86084,2025-12-23 00:00,50.43
CHAKALA_ANDHERI_EAST_MUMBAI_IITM,"Chakala-Andheri East, Mumbai - IITM",19.11074,72.86084,2025-12-24 00:00,49.64
CHAKALA_ANDHERI_EAST_MUMBAI_IITM,"Chakala-Andheri East, Mumbai - IITM",19.11074,72.86084,2025-12-25 00:00,64.12
CHAKALA_ANDHERI_EAST_MUMBAI_IITM,"Chakala-Andheri East, Mumbai - IITM",19.11074,72.86084,2025-12-26 00:00,63.57
CHAKALA_ANDHERI_EAST_MUMBAI_IITM,"Chakala-Andheri East, Mumbai - IITM",19.11074,72.86084,2025-12-27 00:00,62.23
CHAKALA_ANDHERI_EAST_MUMBAI_IITM,"Chakala-Andheri East, Mumbai - IITM",19.11074,72.86084,2025-12-28 00:00,58.89
CHAKALA_ANDHERI_EAST_MUMBAI_IITM,"Chakala-Andheri East, Mumbai - IITM",19.11074,72.86084,2025-12-29 00:00,69.73
CHAKALA_ANDHERI_EAST_MUMBAI_IITM,"Chakala-Andheri East, Mumbai - IITM",19.11074,72.86084,2025-12-30 00:00,67.47
CHAKALA_ANDHERI_EAST_MUMBAI_IITM,"Chakala-Andheri East, Mumbai - IITM",19.11074,72.86084,2025-12-31 00:00,64.02
CHEMBUR_MUMBAI_MPCB,"Chembur, Mumbai - MPCB",19.0364585,72.8954371,2025-11-01 00:00,19.96
CHEMBUR_MUMBAI_MPCB,"Chembur, Mumbai - MPCB",19.0364585,72.8954371,2025-11-02 00:00,22.38
CHEMBUR_MUMBAI_MPCB,"Chembur, Mumbai - MPCB",19.0364585,72.8954371,2025-11-03 00:00,21.3
CHEMBUR_MUMBAI_MPCB,"Chembur, Mumbai - MPCB",19.0364585,72.8954371,2025-11-04 00:00,20.16
CHEMBUR_MUMBAI_MPCB,"Chembur, Mumbai - MPCB",19.0364585,72.8954371,2025-11-05 00:00,20.08
CHEMBUR_MUMBAI_MPCB,"Chembur, Mumbai - MPCB",19.0364585,72.8954371,2025-11-06 00:00,24.32
CHEMBUR_MUMBAI_MPCB,"Chembur, Mumbai - MPCB",19.0364585,72.8954371,2025-11-07 00:00,34.6
CHEMBUR_MUMBAI_MPCB,"Chembur, Mumbai - MPCB",19.0364585,72.8954371,2025-11-08 00:00,37.66
CHEMBUR_MUMBAI_MPCB,"Chembur, Mumbai - MPCB",19.0364585,72.8954371,2025-11-09 00:00,33.27
CHEMBUR_MUMBAI_MPCB,"Chembur, Mumbai - MPCB",19.0364585,72.8954371,2025-11-10 00:00,36.68
CHEMBUR_MUMBAI_MPCB,"Chembur, Mumbai - MPCB",19.0364585,72.8954371,2025-11-11 00:00,39.1
CHEMBUR_MUMBAI_MPCB,"Chembur, Mumbai - MPCB",19.0364585,72.8954371,2025-11-12 00:00,31.9
CHEMBUR_MUMBAI_MPCB,"Chembur, Mumbai - MPCB",19.0364585,72.8954371,2025-11-13 00:00,35.98
CHEMBUR_MUMBAI_MPCB,"Chembur, Mumbai - MPCB",19.0364585,72.8954371,2025-11-14 00:00,38.47
CHEMBUR_MUMBAI_MPCB,"Chembur, Mumbai - MPCB",19.0364585,72.8954371,2025-11-15 00:00,36.93
CHEMBUR_MUMBAI_MPCB,"Chembur, Mumbai - MPCB",19.0364585,72.8954371,2025-11-16 00:00,26.7
CHEMBUR_MUMBAI_MPCB,"Chembur, Mumbai - MPCB",19.0364585,72.8954371,2025-11-17 00:00,28.25
CHEMBUR_MUMBAI_MPCB,"Chembur, Mumbai - MPCB",19.0364585,72.8954371,2025-11-18 00:00,59.14
CHEMBUR_MUMBAI_MPCB,"Chembur, Mumbai - MPCB",19.0364585,72.8954371,2025-11-19 00:00,60.99
CHEMBUR_MUMBAI_MPCB,"Chembur, Mumbai - MPCB",19.0364585,72.8954371,2025-11-20 00:00,58.82
CHEMBUR_MUMBAI_MPCB,"Chembur, Mumbai - MPCB",19.0364585,72.8954371,2025-11-21 00:00,69.71
CHEMBUR_MUMBAI_MPCB,"Chembur, Mumbai - MPCB",19.0364585,72.8954371,2025-11-22 00:00,69.31
CHEMBUR_MUMBAI_MPCB,"Chembur, Mumbai - MPCB",19.0364585,72.8954371,2025-11-23 00:00,62.68
CHEMBUR_MUMBAI_MPCB,"Chembur, Mumbai - MPCB",19.0364585,72.8954371,2025-11-24 00:00,56.77
CHEMBUR_MUMBAI_MPCB,"Chembur, Mumbai - MPCB",19.0364585,72.8954371,2025-11-25 00:00,52.33
CHEMBUR_MUMBAI_MPCB,"Chembur, Mumbai - MPCB",19.0364585,72.8954371,2025-11-26 00:00,50.7
CHEMBUR_MUMBAI_MPCB,"Chembur, Mumbai - MPCB",19.0364585,72.8954371,2025-11-27 00:00,43.68
CHEMBUR_MUMBAI_MPCB,"Chembur, Mumbai - MPCB",19.0364585,72.8954371,2025-11-28 00:00,50.36
CHEMBUR_MUMBAI_MPCB,"Chembur, Mumbai - MPCB",19.0364585,72.8954371,2025-11-29 00:00,44.77
CHEMBUR_MUMBAI_MPCB,"Chembur, Mumbai - MPCB",19.0364585,72.8954371,2025-11-30 00:00,53.82
CHEMBUR_MUMBAI_MPCB,"Chembur, Mumbai - MPCB",19.0364585,72.8954371,2025-12-01 00:00,62.71
CHEMBUR_MUMBAI_MPCB,"Chembur, Mumbai - MPCB",19.0364585,72.8954371,2025-12-02 00:00,59.66
CHEMBUR_MUMBAI_MPCB,"Chembur, Mumbai - MPCB",19.0364585,72.8954371,2025-12-03 00:00,60.23
CHEMBUR_MUMBAI_MPCB,"Chembur, Mumbai - MPCB",19.0364585,72.8954371,2025-12-04 00:00,55.3
CHEMBUR_MUMBAI_MPCB,"Chembur, Mumbai - MPCB",19.0364585,72.8954371,2025-12-05 00:00,52.34
CHEMBUR_MUMBAI_MPCB,"Chembur, Mumbai - MPCB",19.0364585,72.8954371,2025-12-06 00:00,50.26
CHEMBUR_MUMBAI_MPCB,"Chembur, Mumbai - MPCB",19.0364585,72.8954371,2025-12-07 00:00,50.68
CHEMBUR_MUMBAI_MPCB,"Chembur, Mumbai - MPCB",19.0364585,72.8954371,2025-12-08 00:00,75.02
CHEMBUR_MUMBAI_MPCB,"Chembur, Mumbai - MPCB",19.0364585,72.8954371,2025-12-09 00:00,58.04
CHEMBUR_MUMBAI_MPCB,"Chembur, Mumbai - MPCB",19.0364585,72.8954371,2025-12-10 00:00,59.48
CHEMBUR_MUMBAI_MPCB,"Chembur, Mumbai - MPCB",19.0364585,72.8954371,2025-12-11 00:00,49.59
CHEMBUR_MUMBAI_MPCB,"Chembur, Mumbai - MPCB",19.0364585,72.8954371,2025-12-12 00:00,68.91
CHEMBUR_MUMBAI_MPCB,"Chembur, Mumbai - MPCB",19.0364585,72.8954371,2025-12-13 00:00,70.41
CHEMBUR_MUMBAI_MPCB,"Chembur, Mumbai - MPCB",19.0364585,72.8954371,2025-12-14 00:00,57.0
CHEMBUR_MUMBAI_MPCB,"Chembur, Mumbai - MPCB",19.0364585,72.8954371,2025-12-15 00:00,53.15
CHEMBUR_MUMBAI_MPCB,"Chembur, Mumbai - MPCB",19.0364585,72.8954371,2025-12-16 00:00,50.8
CHEMBUR_MUMBAI_MPCB,"Chembur, Mumbai - MPCB",19.0364585,72.8954371,2025-12-17 00:00,62.22
CHEMBUR_MUMBAI_MPCB,"Chembur, Mumbai - MPCB",19.0364585,72.8954371,2025-12-18 00:00,66.23
CHEMBUR_MUMBAI_MPCB,"Chembur, Mumbai - MPCB",19.0364585,72.8954371,2025-12-19 00:00,56.89
CHEMBUR_MUMBAI_MPCB,"Chembur, Mumbai - MPCB",19.0364585,72.8954371,2025-12-20 00:00,55.57
CHEMBUR_MUMBAI_MPCB,"Chembur, Mumbai - MPCB",19.0364585,72.8954371,2025-12-21 00:00,50.46
CHEMBUR_MUMBAI_MPCB,"Chembur, Mumbai - MPCB",19.0364585,72.8954371,2025-12-22 00:00,57.84
CHEMBUR_MUMBAI_MPCB,"Chembur, Mumbai - MPCB",19.0364585,72.8954371,2025-12-23 00:00,48.88
CHEMBUR_MUMBAI_MPCB,"Chembur, Mumbai - MPCB",19.0364585,72.8954371,2025-12-24 00:00,46.33
CHEMBUR_MUMBAI_MPCB,"Chembur, Mumbai - MPCB",19.0364585,72.8954371,2025-12-25 00:00,54.9
CHEMBUR_MUMBAI_MPCB,"Chembur, Mumbai - MPCB",19.0364585,72.8954371,2025-12-26 00:00,50.88
CHEMBUR_MUMBAI_MPCB,"Chembur, Mumbai - MPCB",19.0364585,72.8954371,2025-12-27 00:00,57.27
CHEMBUR_MUMBAI_MPCB,"Chembur, Mumbai - MPCB",19.0364585,72.8954371,2025-12-28 00:00,51.19
CHEMBUR_MUMBAI_MPCB,"Chembur, Mumbai - MPCB",19.0364585,72.8954371,2025-12-29 00:00,52.62
CHEMBUR_MUMBAI_MPCB,"Chembur, Mumbai - MPCB",19.0364585,72.8954371,2025-12-30 00:00,52.61
CHEMBUR_MUMBAI_MPCB,"Chembur, Mumbai - MPCB",19.0364585,72.8954371,2025-12-31 00:00,45.66
CHHATRAPATI_SHIVAJI_INTL_AIRPORT_T2_MUMBAI_MPCB,"Chhatrapati Shivaji Intl. Airport (T2), Mumbai - MPCB",19.10078,72.87462,2025-11-01 00:00,14.08
CHHATRAPATI_SHIVAJI_INTL_AIRPORT_T2_MUMBAI_MPCB,"Chhatrapati Shivaji Intl. Airport (T2), Mumbai - MPCB",19.10078,72.87462,2025-11-02 00:00,15.23
CHHATRAPATI_SHIVAJI_INTL_AIRPORT_T2_MUMBAI_MPCB,"Chhatrapati Shivaji Intl. Airport (T2), Mumbai - MPCB",19.10078,72.87462,2025-11-03 00:00,14.67
CHHATRAPATI_SHIVAJI_INTL_AIRPORT_T2_MUMBAI_MPCB,"Chhatrapati Shivaji Intl. Airport (T2), Mumbai - MPCB",19.10078,72.87462,2025-11-04 00:00,14.07
CHHATRAPATI_SHIVAJI_INTL_AIRPORT_T2_MUMBAI_MPCB,"Chhatrapati Shivaji Intl. Airport (T2), Mumbai - MPCB",19.10078,72.87462,2025-11-05 00:00,14.17
CHHATRAPATI_SHIVAJI_INTL_AIRPORT_T2_MUMBAI_MPCB,"Chhatrapati Shivaji Intl. Airport (T2), Mumbai - MPCB",19.10078,72.87462,2025-11-06 00:00,14.45
CHHATRAPATI_SHIVAJI_INTL_AIRPORT_T2_MUMBAI_MPCB,"Chhatrapati Shivaji Intl. Airport (T2), Mumbai - MPCB",19.10078,72.87462,2025-11-07 00:00,16.02
CHHATRAPATI_SHIVAJI_INTL_AIRPORT_T2_MUMBAI_MPCB,"Chhatrapati Shivaji Intl. Airport (T2), Mumbai - MPCB",19.10078,72.87462,2025-11-08 00:00,15.74
CHHATRAPATI_SHIVAJI_INTL_AIRPORT_T2_MUMBAI_MPCB,"Chhatrapati Shivaji Intl. Airport (T2), Mumbai - MPCB",19.10078,72.87462,2025-11-09 00:00,16.17
CHHATRAPATI_SHIVAJI_INTL_AIRPORT_T2_MUMBAI_MPCB,"Chhatrapati Shivaji Intl. Airport (T2), Mumbai - MPCB",19.10078,72.87462,2025-11-10 00:00,16.87
CHHATRAPATI_SHIVAJI_INTL_AIRPORT_T2_MUMBAI_MPCB,"Chhatrapati Shivaji Intl. Airport (T2), Mumbai - MPCB",19.10078,72.87462,2025-11-11 00:00,17.32
CHHATRAPATI_SHIVAJI_INTL_AIRPORT_T2_MUMBAI_MPCB,"Chhatrapati Shivaji Intl. Airport (T2), Mumbai - MPCB",19.10078,72.87462,2025-11-12 00:00,15.85
CHHATRAPATI_SHIVAJI_INTL_AIRPORT_T2_MUMBAI_MPCB,"Chhatrapati Shivaji Intl. Airport (T2), Mumbai - MPCB",19.10078,72.87462,2025-11-13 00:00,16.09
CHHATRAPATI_SHIVAJI_INTL_AIRPORT_T2_MUMBAI_MPCB,"Chhatrapati Shivaji Intl. Airport (T2), Mumbai - MPCB",19.10078,72.87462,2025-11-14 00:00,17.08
CHHATRAPATI_SHIVAJI_INTL_AIRPORT_T2_MUMBAI_MPCB,"Chhatrapati Shivaji Intl. Airport (T2), Mumbai - MPCB",19.10078,72.87462,2025-11-15 00:00,17.03
CHHATRAPATI_SHIVAJI_INTL_AIRPORT_T2_MUMBAI_MPCB,"Chhatrapati Shivaji Intl. Airport (T2), Mumbai - MPCB",19.10078,72.87462,2025-11-16 00:00,16.67
CHHATRAPATI_SHIVAJI_INTL_AIRPORT_T2_MUMBAI_MPCB,"Chhatrapati Shivaji Intl. Airport (T2), Mumbai - MPCB",19.10078,72.87462,2025-11-17 00:00,15.88
CHHATRAPATI_SHIVAJI_INTL_AIRPORT_T2_MUMBAI_MPCB,"Chhatrapati Shivaji Intl. Airport (T2), Mumbai - MPCB",19.10078,72.87462,2025-11-18 00:00,16.56
CHHATRAPATI_SHIVAJI_INTL_AIRPORT_T2_MUMBAI_MPCB,"Chhatrapati Shivaji Intl. Airport (T2), Mumbai - MPCB",19.10078,72.87462,2025-11-19 00:00,17.28
CHHATRAPATI_SHIVAJI_INTL_AIRPORT_T2_MUMBAI_MPCB,"Chhatrapati Shivaji Intl. Airport (T2), Mumbai - MPCB",19.10078,72.87462,2025-11-20 00:00,18.22
CHHATRAPATI_SHIVAJI_INTL_AIRPORT_T2_MUMBAI_MPCB,"Chhatrapati Shivaji Intl. Airport (T2), Mumbai - MPCB",19.10078,72.87462,2025-11-21 00:00,18.21
CHHATRAPATI_SHIVAJI_INTL_AIRPORT_T2_MUMBAI_MPCB,"Chhatrapati Shivaji Intl. Airport (T2), Mumbai - MPCB",19.10078,72.87462,2025-11-22 00:00,20.4
CHHATRAPATI_SHIVAJI_INTL_AIRPORT_T2_MUMBAI_MPCB,"Chhatrapati Shivaji Intl. Airport (T2), Mumbai - MPCB",19.10078,72.87462,2025-11-24 00:00,17.8
CHHATRAPATI_SHIVAJI_INTL_AIRPORT_T2_MUMBAI_MPCB,"Chhatrapati Shivaji Intl. Airport (T2), Mumbai - MPCB",19.10078,72.87462,2025-11-25 00:00,18.38
CHHATRAPATI_SHIVAJI_INTL_AIRPORT_T2_MUMBAI_MPCB,"Chhatrapati Shivaji Intl. Airport (T2), Mumbai - MPCB",19.10078,72.87462,2025-11-26 00:00,19.65
CHHATRAPATI_SHIVAJI_INTL_AIRPORT_T2_MUMBAI_MPCB,"Chhatrapati Shivaji Intl. Airport (T2), Mumbai - MPCB",19.10078,72.87462,2025-11-27 00:00,14.1
CHHATRAPATI_SHIVAJI_INTL_AIRPORT_T2_MUMBAI_MPCB,"Chhatrapati Shivaji Intl. Airport (T2), Mumbai - MPCB",19.10078,72.87462,2025-11-28 00:00,15.98
CHHATRAPATI_SHIVAJI_INTL_AIRPORT_T2_MUMBAI_MPCB,"Chhatrapati Shivaji Intl. Airport (T2), Mumbai - MPCB",19.10078,72.87462,2025-11-29 00:00,15.4
CHHATRAPATI_SHIVAJI_INTL_AIRPORT_T2_MUMBAI_MPCB,"Chhatrapati Shivaji Intl. Airport (T2), Mumbai - MPCB",19.10078,72.87462,2025-11-30 00:00,15.73
CHHATRAPATI_SHIVAJI_INTL_AIRPORT_T2_MUMBAI_MPCB,"Chhatrapati Shivaji Intl. Airport (T2), Mumbai - MPCB",19.10078,72.87462,2025-12-01 00:00,17.03
CHHATRAPATI_SHIVAJI_INTL_AIRPORT_T2_MUMBAI_MPCB,"Chhatrapati Shivaji Intl. Airport (T2), Mumbai - MPCB",19.10078,72.87462,2025-12-02 00:00,21.78
CHHATRAPATI_SHIVAJI_INTL_AIRPORT_T2_MUMBAI_MPCB,"Chhatrapati Shivaji Intl. Airport (T2), Mumbai - MPCB",19.10078,72.87462,2025-12-04 00:00,15.86
CHHATRAPATI_SHIVAJI_INTL_AIRPORT_T2_MUMBAI_MPCB,"Chhatrapati Shivaji Intl. Airport (T2), Mumbai - MPCB",19.10078,72.87462,2025-12-05 00:00,19.88
CHHATRAPATI_SHIVAJI_INTL_AIRPORT_T2_MUMBAI_MPCB,"Chhatrapati Shivaji Intl. Airport (T2), Mumbai - MPCB",19.10078,72.87462,2025-12-06 00:00,15.94
CHHATRAPATI_SHIVAJI_INTL_AIRPORT_T2_MUMBAI_MPCB,"Chhatrapati Shivaji Intl. Airport (T2), Mumbai - MPCB",19.10078,72.87462,2025-12-08 00:00,17.89
CHHATRAPATI_SHIVAJI_INTL_AIRPORT_T2_MUMBAI_MPCB,"Chhatrapati Shivaji Intl. Airport (T2), Mumbai - MPCB",19.10078,72.87462,2025-12-09 00:00,12.3
CHHATRAPATI_SHIVAJI_INTL_AIRPORT_T2_MUMBAI_MPCB,"Chhatrapati Shivaji Intl. Airport (T2), Mumbai - MPCB",19.10078,72.87462,2025-12-10 00:00,0.56
CHHATRAPATI_SHIVAJI_INTL_AIRPORT_T2_MUMBAI_MPCB,"Chhatrapati Shivaji Intl. Airport (T2), Mumbai - MPCB",19.10078,72.87462,2025-12-11 00:00,0.56
CHHATRAPATI_SHIVAJI_INTL_AIRPORT_T2_MUMBAI_MPCB,"Chhatrapati Shivaji Intl. Airport (T2), Mumbai - MPCB",19.10078,72.87462,2025-12-12 00:00,0.56
CHHATRAPATI_SHIVAJI_INTL_AIRPORT_T2_MUMBAI_MPCB,"Chhatrapati Shivaji Intl. Airport (T2), Mumbai - MPCB",19.10078,72.87462,2025-12-16 00:00,0.64
CHHATRAPATI_SHIVAJI_INTL_AIRPORT_T2_MUMBAI_MPCB,"Chhatrapati Shivaji Intl. Airport (T2), Mumbai - MPCB",19.10078,72.87462,2025-12-17 00:00,0.55
CHHATRAPATI_SHIVAJI_INTL_AIRPORT_T2_MUMBAI_MPCB,"Chhatrapati Shivaji Intl. Airport (T2), Mumbai - MPCB",19.10078,72.87462,2025-12-18 00:00,0.57
CHHATRAPATI_SHIVAJI_INTL_AIRPORT_T2_MUMBAI_MPCB,"Chhatrapati Shivaji Intl. Airport (T2), Mumbai - MPCB",19.10078,72.87462,2025-12-19 00:00,0.54
CHHATRAPATI_SHIVAJI_INTL_AIRPORT_T2_MUMBAI_MPCB,"Chhatrapati Shivaji Intl. Airport (T2), Mumbai - MPCB",19.10078,72.87462,2025-12-20 00:00,0.54
CHHATRAPATI_SHIVAJI_INTL_AIRPORT_T2_MUMBAI_MPCB,"Chhatrapati Shivaji Intl. Airport (T2), Mumbai - MPCB",19.10078,72.87462,2025-12-21 00:00,0.55
CHHATRAPATI_SHIVAJI_INTL_AIRPORT_T2_MUMBAI_MPCB,"Chhatrapati Shivaji Intl. Airport (T2), Mumbai - MPCB",19.10078,72.87462,2025-12-22 00:00,0.56
CHHATRAPATI_SHIVAJI_INTL_AIRPORT_T2_MUMBAI_MPCB,"Chhatrapati Shivaji Intl. Airport (T2), Mumbai - MPCB",19.10078,72.87462,2025-12-23 00:00,0.57
CHHATRAPATI_SHIVAJI_INTL_AIRPORT_T2_MUMBAI_MPCB,"Chhatrapati Shivaji Intl. Airport (T2), Mumbai - MPCB",19.10078,72.87462,2025-12-28 00:00,0.54
CHHATRAPATI_SHIVAJI_INTL_AIRPORT_T2_MUMBAI_MPCB,"Chhatrapati Shivaji Intl. Airport (T2), Mumbai - MPCB",19.10078,72.87462,2025-12-29 00:00,0.53
CHHATRAPATI_SHIVAJI_INTL_AIRPORT_T2_MUMBAI_MPCB,"Chhatrapati Shivaji Intl. Airport (T2), Mumbai - MPCB",19.10078,72.87462,2025-12-30 00:00,0.55
CHHATRAPATI_SHIVAJI_INTL_AIRPORT_T2_MUMBAI_MPCB,"Chhatrapati Shivaji Intl. Airport (T2), Mumbai - MPCB",19.10078,72.87462,2025-12-31 00:00,0.55
COLABA_MUMBAI_MPCB,"Colaba, Mumbai - MPCB",18.91,72.82,2025-11-01 00:00,20.3
COLABA_MUMBAI_MPCB,"Colaba, Mumbai - MPCB",18.91,72.82,2025-11-02 00:00,20.11
COLABA_MUMBAI_MPCB,"Colaba, Mumbai - MPCB",18.91,72.82,2025-11-03 00:00,21.23
COLABA_MUMBAI_MPCB,"Colaba, Mumbai - MPCB",18.91,72.82,2025-11-04 00:00,20.28
COLABA_MUMBAI_MPCB,"Colaba, Mumbai - MPCB",18.91,72.82,2025-11-05 00:00,20.1
COLABA_MUMBAI_MPCB,"Colaba, Mumbai - MPCB",18.91,72.82,2025-11-06 00:00,20.61
COLABA_MUMBAI_MPCB,"Colaba, Mumbai - MPCB",18.91,72.82,2025-11-07 00:00,21.36
COLABA_MUMBAI_MPCB,"Colaba, Mumbai - MPCB",18.91,72.82,2025-11-08 00:00,21.4
COLABA_MUMBAI_MPCB,"Colaba, Mumbai - MPCB",18.91,72.82,2025-11-09 00:00,21.48
COLABA_MUMBAI_MPCB,"Colaba, Mumbai - MPCB",18.91,72.82,2025-11-10 00:00,21.15
COLABA_MUMBAI_MPCB,"Colaba, Mumbai - MPCB",18.91,72.82,2025-11-11 00:00,22.23
COLABA_MUMBAI_MPCB,"Colaba, Mumbai - MPCB",18.91,72.82,2025-11-12 00:00,22.58
COLABA_MUMBAI_MPCB,"Colaba, Mumbai - MPCB",18.91,72.82,2025-11-13 00:00,22.64
COLABA_MUMBAI_MPCB,"Colaba, Mumbai - MPCB",18.91,72.82,2025-11-14 00:00,22.97
COLABA_MUMBAI_MPCB,"Colaba, Mumbai - MPCB",18.91,72.82,2025-11-15 00:00,22.76
COLABA_MUMBAI_MPCB,"Colaba, Mumbai - MPCB",18.91,72.82,2025-11-16 00:00,22.9
COLABA_MUMBAI_MPCB,"Colaba, Mumbai - MPCB",18.91,72.82,2025-11-17 00:00,21.8
COLABA_MUMBAI_MPCB,"Colaba, Mumbai - MPCB",18.91,72.82,2025-11-18 00:00,22.62
COLABA_MUMBAI_MPCB,"Colaba, Mumbai - MPCB",18.91,72.82,2025-11-19 00:00,23.68
COLABA_MUMBAI_MPCB,"Colaba, Mumbai - MPCB",18.91,72.82,2025-11-20 00:00,23.65
COLABA_MUMBAI_MPCB,"Colaba, Mumbai - MPCB",18.91,72.82,2025-11-21 00:00,24.07
COLABA_MUMBAI_MPCB,"Colaba, Mumbai - MPCB",18.91,72.82,2025-11-22 00:00,24.59
COLABA_MUMBAI_MPCB,"Colaba, Mumbai - MPCB",18.91,72.82,2025-11-23 00:00,24.4
COLABA_MUMBAI_MPCB,"Colaba, Mumbai - MPCB",18.91,72.82,2025-11-24 00:00,24.28
COLABA_MUMBAI_MPCB,"Colaba, Mumbai - MPCB",18.91,72.82,2025-11-25 00:00,24.82
COLABA_MUMBAI_MPCB,"Colaba, Mumbai - MPCB",18.91,72.82,2025-11-26 00:00,25.1
COLABA_MUMBAI_MPCB,"Colaba, Mumbai - MPCB",18.91,72.82,2025-11-27 00:00,23.58
COLABA_MUMBAI_MPCB,"Colaba, Mumbai - MPCB",18.91,72.82,2025-11-28 00:00,23.93
COLABA_MUMBAI_MPCB,"Colaba, Mumbai - MPCB",18.91,72.82,2025-11-29 00:00,23.12
COLABA_MUMBAI_MPCB,"Colaba, Mumbai - MPCB",18.91,72.82,2025-11-30 00:00,22.69
COLABA_MUMBAI_MPCB,"Colaba, Mumbai - MPCB",18.91,72.82,2025-12-01 00:00,23.78
COLABA_MUMBAI_MPCB,"Colaba, Mumbai - MPCB",18.91,72.82,2025-12-02 00:00,24.32
COLABA_MUMBAI_MPCB,"Colaba, Mumbai - MPCB",18.91,72.82,2025-12-03 00:00,25.25
DEONAR_MUMBAI_IITM,"Deonar, Mumbai - IITM",19.04946,72.923,2025-11-01 00:00,13.57
DEONAR_MUMBAI_IITM,"Deonar, Mumbai - IITM",19.04946,72.923,2025-11-02 00:00,14.88
DEONAR_MUMBAI_IITM,"Deonar, Mumbai - IITM",19.04946,72.923,2025-11-03 00:00,13.85
DEONAR_MUMBAI_IITM,"Deonar, Mumbai - IITM",19.04946,72.923,2025-11-04 00:00,15.47
DEONAR_MUMBAI_IITM,"Deonar, Mumbai - IITM",19.04946,72.923,2025-11-05 00:00,17.92
DEONAR_MUMBAI_IITM,"Deonar, Mumbai - IITM",19.04946,72.923,2025-11-06 00:00,24.33
DEONAR_MUMBAI_IITM,"Deonar, Mumbai - IITM",19.04946,72.923,2025-11-07 00:00,32.77
DEONAR_MUMBAI_IITM,"Deonar, Mumbai - IITM",19.04946,72.923,2025-11-08 00:00,30.23
DEONAR_MUMBAI_IITM,"Deonar, Mumbai - IITM",19.04946,72.923,2025-11-09 00:00,28.93
DEONAR_MUMBAI_IITM,"Deonar, Mumbai - IITM",19.04946,72.923,2025-11-10 00:00,29.7
DEONAR_MUMBAI_IITM,"Deonar, Mumbai - IITM",19.04946,72.923,2025-11-11 00:00,33.59
DEONAR_MUMBAI_IITM,"Deonar, Mumbai - IITM",19.04946,72.923,2025-11-12 00:00,32.87
DEONAR_MUMBAI_IITM,"Deonar, Mumbai - IITM",19.04946,72.923,2025-11-13 00:00,36.76
DEONAR_MUMBAI_IITM,"Deonar, Mumbai - IITM",19.04946,72.923,2025-11-14 00:00,39.5
DEONAR_MUMBAI_IITM,"Deonar, Mumbai - IITM",19.04946,72.923,2025-11-15 00:00,38.33
DEONAR_MUMBAI_IITM,"Deonar, Mumbai - IITM",19.04946,72.923,2025-11-16 00:00,36.6
DEONAR_MUMBAI_IITM,"Deonar, Mumbai - IITM",19.04946,72.923,2025-11-17 00:00,38.95
DEONAR_MUMBAI_IITM,"Deonar, Mumbai - IITM",19.04946,72.923,2025-11-18 00:00,44.07
DEONAR_MUMBAI_IITM,"Deonar, Mumbai - IITM",19.04946,72.923,2025-11-19 00:00,40.37
DEONAR_MUMBAI_IITM,"Deonar, Mumbai - IITM",19.04946,72.923,2025-11-20 00:00,38.39
DEONAR_MUMBAI_IITM,"Deonar, Mumbai - IITM",19.04946,72.923,2025-11-21 00:00,40.01
DEONAR_MUMBAI_IITM,"Deonar, Mumbai - IITM",19.04946,72.923,2025-11-22 00:00,40.0
DEONAR_MUMBAI_IITM,"Deonar, Mumbai - IITM",19.04946,72.923,2025-11-23 00:00,33.45
DEONAR_MUMBAI_IITM,"Deonar, Mumbai - IITM",19.04946,72.923,2025-11-24 00:00,33.56
DEONAR_MUMBAI_IITM,"Deonar, Mumbai - IITM",19.04946,72.923,2025-11-25 00:00,33.38
DEONAR_MUMBAI_IITM,"Deonar, Mumbai - IITM",19.04946,72.923,2025-11-26 00:00,32.11
DEONAR_MUMBAI_IITM,"Deonar, Mumbai - IITM",19.04946,72.923,2025-11-27 00:00,35.68
DEONAR_MUMBAI_IITM,"Deonar, Mumbai - IITM",19.04946,72.923,2025-11-28 00:00,32.15
DEONAR_MUMBAI_IITM,"Deonar, Mumbai - IITM",19.04946,72.923,2025-11-29 00:00,31.16
DEONAR_MUMBAI_IITM,"Deonar, Mumbai - IITM",19.04946,72.923,2025-11-30 00:00,33.81
DEONAR_MUMBAI_IITM,"Deonar, Mumbai - IITM",19.04946,72.923,2025-12-01 00:00,36.07
DEONAR_MUMBAI_IITM,"Deonar, Mumbai - IITM",19.04946,72.923,2025-12-02 00:00,33.42
DEONAR_MUMBAI_IITM,"Deonar, Mumbai - IITM",19.04946,72.923,2025-12-03 00:00,32.07
DEONAR_MUMBAI_IITM,"Deonar, Mumbai - IITM",19.04946,72.923,2025-12-04 00:00,31.28
DEONAR_MUMBAI_IITM,"Deonar, Mumbai - IITM",19.04946,72.923,2025-12-05 00:00,27.92
DEONAR_MUMBAI_IITM,"Deonar, Mumbai - IITM",19.04946,72.923,2025-12-06 00:00,29.53
DEONAR_MUMBAI_IITM,"Deonar, Mumbai - IITM",19.04946,72.923,2025-12-07 00:00,29.98
DEONAR_MUMBAI_IITM,"Deonar, Mumbai - IITM",19.04946,72.923,2025-12-08 00:00,34.27
DEONAR_MUMBAI_IITM,"Deonar, Mumbai - IITM",19.04946,72.923,2025-12-09 00:00,31.67
DEONAR_MUMBAI_IITM,"Deonar, Mumbai - IITM",19.04946,72.923,2025-12-10 00:00,37.02
DEONAR_MUMBAI_IITM,"Deonar, Mumbai - IITM",19.04946,72.923,2025-12-11 00:00,37.59
DEONAR_MUMBAI_IITM,"Deonar, Mumbai - IITM",19.04946,72.923,2025-12-12 00:00,45.29
DEONAR_MUMBAI_IITM,"Deonar, Mumbai - IITM",19.04946,72.923,2025-12-13 00:00,45.47
DEONAR_MUMBAI_IITM,"Deonar, Mumbai - IITM",19.04946,72.923,2025-12-14 00:00,30.18
DEONAR_MUMBAI_IITM,"Deonar, Mumbai - IITM",19.04946,72.923,2025-12-15 00:00,42.6
DEONAR_MUMBAI_IITM,"Deonar, Mumbai - IITM",19.04946,72.923,2025-12-16 00:00,40.13
DEONAR_MUMBAI_IITM,"Deonar, Mumbai - IITM",19.04946,72.923,2025-12-17 00:00,46.09
DEONAR_MUMBAI_IITM,"Deonar, Mumbai - IITM",19.04946,72.923,2025-12-18 00:00,47.82
DEONAR_MUMBAI_IITM,"Deonar, Mumbai - IITM",19.04946,72.923,2025-12-19 00:00,42.42
DEONAR_MUMBAI_IITM,"Deonar, Mumbai - IITM",19.04946,72.923,2025-12-20 00:00,39.14
DEONAR_MUMBAI_IITM,"Deonar, Mumbai - IITM",19.04946,72.923,2025-12-21 00:00,31.33
DEONAR_MUMBAI_IITM,"Deonar, Mumbai - IITM",19.04946,72.923,2025-12-22 00:00,50.69
DEONAR_MUMBAI_IITM,"Deonar, Mumbai - IITM",19.04946,72.923,2025-12-23 00:00,38.84
DEONAR_MUMBAI_IITM,"Deonar, Mumbai - IITM",19.04946,72.923,2025-12-24 00:00,32.56
DEONAR_MUMBAI_IITM,"Deonar, Mumbai - IITM",19.04946,72.923,2025-12-25 00:00,37.96
DEONAR_MUMBAI_IITM,"Deonar, Mumbai - IITM",19.04946,72.923,2025-12-26 00:00,39.48
DEONAR_MUMBAI_IITM,"Deonar, Mumbai - IITM",19.04946,72.923,2025-12-27 00:00,39.67
DEONAR_MUMBAI_IITM,"Deonar, Mumbai - IITM",19.04946,72.923,2025-12-28 00:00,38.41
DEONAR_MUMBAI_IITM,"Deonar, Mumbai - IITM",19.04946,72.923,2025-12-29 00:00,41.91
DEONAR_MUMBAI_IITM,"Deonar, Mumbai - IITM",19.04946,72.923,2025-12-30 00:00,42.83
DEONAR_MUMBAI_IITM,"Deonar, Mumbai - IITM",19.04946,72.923,2025-12-31 00:00,34.85
GHATKOPAR_MUMBAI_BMC,"Ghatkopar, Mumbai - BMC",19.083694,72.920967,2025-11-01 00:00,13.79
GHATKOPAR_MUMBAI_BMC,"Ghatkopar, Mumbai - BMC",19.083694,72.920967,2025-11-02 00:00,19.06
GHATKOPAR_MUMBAI_BMC,"Ghatkopar, Mumbai - BMC",19.083694,72.920967,2025-11-03 00:00,21.58
GHATKOPAR_MUMBAI_BMC,"Ghatkopar, Mumbai - BMC",19.083694,72.920967,2025-11-04 00:00,19.93
GHATKOPAR_MUMBAI_BMC,"Ghatkopar, Mumbai - BMC",19.083694,72.920967,2025-11-05 00:00,26.31
GHATKOPAR_MUMBAI_BMC,"Ghatkopar, Mumbai - BMC",19.083694,72.920967,2025-11-06 00:00,29.39
GHATKOPAR_MUMBAI_BMC,"Ghatkopar, Mumbai - BMC",19.083694,72.920967,2025-11-07 00:00,40.07
GHATKOPAR_MUMBAI_BMC,"Ghatkopar, Mumbai - BMC",19.083694,72.920967,2025-11-08 00:00,25.27
GHATKOPAR_MUMBAI_BMC,"Ghatkopar, Mumbai - BMC",19.083694,72.920967,2025-11-09 00:00,33.82
GHATKOPAR_MUMBAI_BMC,"Ghatkopar, Mumbai - BMC",19.083694,72.920967,2025-11-10 00:00,38.21
GHATKOPAR_MUMBAI_BMC,"Ghatkopar, Mumbai - BMC",19.083694,72.920967,2025-11-11 00:00,40.39
GHATKOPAR_MUMBAI_BMC,"Ghatkopar, Mumbai - BMC",19.083694,72.920967,2025-11-12 00:00,37.69
GHATKOPAR_MUMBAI_BMC,"Ghatkopar, Mumbai - BMC",19.083694,72.920967,2025-11-13 00:00,44.07
GHATKOPAR_MUMBAI_BMC,"Ghatkopar, Mumbai - BMC",19.083694,72.920967,2025-11-14 00:00,39.74
GHATKOPAR_MUMBAI_BMC,"Ghatkopar, Mumbai - BMC",19.083694,72.920967,2025-11-15 00:00,35.69
GHATKOPAR_MUMBAI_BMC,"Ghatkopar, Mumbai - BMC",19.083694,72.920967,2025-11-16 00:00,34.62
GHATKOPAR_MUMBAI_BMC,"Ghatkopar, Mumbai - BMC",19.083694,72.920967,2025-11-17 00:00,36.52
GHATKOPAR_MUMBAI_BMC,"Ghatkopar, Mumbai - BMC",19.083694,72.920967,2025-11-18 00:00,40.28
GHATKOPAR_MUMBAI_BMC,"Ghatkopar, Mumbai - BMC",19.083694,72.920967,2025-11-19 00:00,44.35
GHATKOPAR_MUMBAI_BMC,"Ghatkopar, Mumbai - BMC",19.083694,72.920967,2025-11-20 00:00,45.03
GHATKOPAR_MUMBAI_BMC,"Ghatkopar, Mumbai - BMC",19.083694,72.920967,2025-11-21 00:00,52.79
GHATKOPAR_MUMBAI_BMC,"Ghatkopar, Mumbai - BMC",19.083694,72.920967,2025-11-22 00:00,55.41
GHATKOPAR_MUMBAI_BMC,"Ghatkopar, Mumbai - BMC",19.083694,72.920967,2025-11-23 00:00,47.72
GHATKOPAR_MUMBAI_BMC,"Ghatkopar, Mumbai - BMC",19.083694,72.920967,2025-11-24 00:00,45.84
GHATKOPAR_MUMBAI_BMC,"Ghatkopar, Mumbai - BMC",19.083694,72.920967,2025-11-25 00:00,45.12
GHATKOPAR_MUMBAI_BMC,"Ghatkopar, Mumbai - BMC",19.083694,72.920967,2025-11-26 00:00,40.33
GHATKOPAR_MUMBAI_BMC,"Ghatkopar, Mumbai - BMC",19.083694,72.920967,2025-11-27 00:00,48.9
GHATKOPAR_MUMBAI_BMC,"Ghatkopar, Mumbai - BMC",19.083694,72.920967,2025-11-28 00:00,43.14
GHATKOPAR_MUMBAI_BMC,"Ghatkopar, Mumbai - BMC",19.083694,72.920967,2025-11-29 00:00,34.72
GHATKOPAR_MUMBAI_BMC,"Ghatkopar, Mumbai - BMC",19.083694,72.920967,2025-11-30 00:00,40.56
GHATKOPAR_MUMBAI_BMC,"Ghatkopar, Mumbai - BMC",19.083694,72.920967,2025-12-01 00:00,46.03
GHATKOPAR_MUMBAI_BMC,"Ghatkopar, Mumbai - BMC",19.083694,72.920967,2025-12-02 00:00,43.75
GHATKOPAR_MUMBAI_BMC,"Ghatkopar, Mumbai - BMC",19.083694,72.920967,2025-12-03 00:00,39.96
GHATKOPAR_MUMBAI_BMC,"Ghatkopar, Mumbai - BMC",19.083694,72.920967,2025-12-04 00:00,48.2
GHATKOPAR_MUMBAI_BMC,"Ghatkopar, Mumbai - BMC",19.083694,72.920967,2025-12-05 00:00,40.64
GHATKOPAR_MUMBAI_BMC,"Ghatkopar, Mumbai - BMC",19.083694,72.920967,2025-12-06 00:00,38.43
GHATKOPAR_MUMBAI_BMC,"Ghatkopar, Mumbai - BMC",19.083694,72.920967,2025-12-07 00:00,46.34
GHATKOPAR_MUMBAI_BMC,"Ghatkopar, Mumbai - BMC",19.083694,72.920967,2025-12-08 00:00,51.72
GHATKOPAR_MUMBAI_BMC,"Ghatkopar, Mumbai - BMC",19.083694,72.920967,2025-12-09 00:00,47.15
GHATKOPAR_MUMBAI_BMC,"Ghatkopar, Mumbai - BMC",19.083694,72.920967,2025-12-10 00:00,43.55
GHATKOPAR_MUMBAI_BMC,"Ghatkopar, Mumbai - BMC",19.083694,72.920967,2025-12-11 00:00,38.91
GHATKOPAR_MUMBAI_BMC,"Ghatkopar, Mumbai - BMC",19.083694,72.920967,2025-12-12 00:00,37.52
GHATKOPAR_MUMBAI_BMC,"Ghatkopar, Mumbai - BMC",19.083694,72.920967,2025-12-13 00:00,63.46
GHATKOPAR_MUMBAI_BMC,"Ghatkopar, Mumbai - BMC",19.083694,72.920967,2025-12-14 00:00,53.36
GHATKOPAR_MUMBAI_BMC,"Ghatkopar, Mumbai - BMC",19.083694,72.920967,2025-12-15 00:00,42.68
GHATKOPAR_MUMBAI_BMC,"Ghatkopar, Mumbai - BMC",19.083694,72.920967,2025-12-16 00:00,48.77
GHATKOPAR_MUMBAI_BMC,"Ghatkopar, Mumbai - BMC",19.083694,72.920967,2025-12-17 00:00,58.1
GHATKOPAR_MUMBAI_BMC,"Ghatkopar, Mumbai - BMC",19.083694,72.920967,2025-12-18 00:00,55.83
GHATKOPAR_MUMBAI_BMC,"Ghatkopar, Mumbai - BMC",19.083694,72.920967,2025-12-19 00:00,53.62
GHATKOPAR_MUMBAI_BMC,"Ghatkopar, Mumbai - BMC",19.083694,72.920967,2025-12-20 00:00,44.76
GHATKOPAR_MUMBAI_BMC,"Ghatkopar, Mumbai - BMC",19.083694,72.920967,2025-12-21 00:00,48.72
GHATKOPAR_MUMBAI_BMC,"Ghatkopar, Mumbai - BMC",19.083694,72.920967,2025-12-22 00:00,48.77
GHATKOPAR_MUMBAI_BMC,"Ghatkopar, Mumbai - BMC",19.083694,72.920967,2025-12-23 00:00,45.71
GHATKOPAR_MUMBAI_BMC,"Ghatkopar, Mumbai - BMC",19.083694,72.920967,2025-12-24 00:00,42.88
GHATKOPAR_MUMBAI_BMC,"Ghatkopar, Mumbai - BMC",19.083694,72.920967,2025-12-25 00:00,50.25
GHATKOPAR_MUMBAI_BMC,"Ghatkopar, Mumbai - BMC",19.083694,72.920967,2025-12-26 00:00,51.44
GHATKOPAR_MUMBAI_BMC,"Ghatkopar, Mumbai - BMC",19.083694,72.920967,2025-12-27 00:00,54.72
GHATKOPAR_MUMBAI_BMC,"Ghatkopar, Mumbai - BMC",19.083694,72.920967,2025-12-28 00:00,49.8
GHATKOPAR_MUMBAI_BMC,"Ghatkopar, Mumbai - BMC",19.083694,72.920967,2025-12-29 00:00,59.73
GHATKOPAR_MUMBAI_BMC,"Ghatkopar, Mumbai - BMC",19.083694,72.920967,2025-12-30 00:00,55.63
GHATKOPAR_MUMBAI_BMC,"Ghatkopar, Mumbai - BMC",19.083694,72.920967,2025-12-31 00:00,47.97
KANDIVALI_EAST_MUMBAI_MPCB,"Kandivali East, Mumbai - MPCB",19.2058,72.8682,2025-11-01 00:00,9.37
KANDIVALI_EAST_MUMBAI_MPCB,"Kandivali East, Mumbai - MPCB",19.2058,72.8682,2025-11-02 00:00,7.55
KANDIVALI_EAST_MUMBAI_MPCB,"Kandivali East, Mumbai - MPCB",19.2058,72.8682,2025-11-03 00:00,6.83
KANDIVALI_EAST_MUMBAI_MPCB,"Kandivali East, Mumbai - MPCB",19.2058,72.8682,2025-11-04 00:00,6.57
KANDIVALI_EAST_MUMBAI_MPCB,"Kandivali East, Mumbai - MPCB",19.2058,72.8682,2025-11-05 00:00,6.33
KANDIVALI_EAST_MUMBAI_MPCB,"Kandivali East, Mumbai - MPCB",19.2058,72.8682,2025-11-06 00:00,6.59
KANDIVALI_EAST_MUMBAI_MPCB,"Kandivali East, Mumbai - MPCB",19.2058,72.8682,2025-11-07 00:00,6.29
KANDIVALI_EAST_MUMBAI_MPCB,"Kandivali East, Mumbai - MPCB",19.2058,72.8682,2025-11-10 00:00,5.76
KANDIVALI_EAST_MUMBAI_MPCB,"Kandivali East, Mumbai - MPCB",19.2058,72.8682,2025-11-11 00:00,6.43
KANDIVALI_EAST_MUMBAI_MPCB,"Kandivali East, Mumbai - MPCB",19.2058,72.8682,2025-11-12 00:00,6.41
KANDIVALI_EAST_MUMBAI_MPCB,"Kandivali East, Mumbai - MPCB",19.2058,72.8682,2025-11-13 00:00,6.3
KANDIVALI_EAST_MUMBAI_MPCB,"Kandivali East, Mumbai - MPCB",19.2058,72.8682,2025-11-14 00:00,6.39
KANDIVALI_EAST_MUMBAI_MPCB,"Kandivali East, Mumbai - MPCB",19.2058,72.8682,2025-11-15 00:00,6.64
KANDIVALI_EAST_MUMBAI_MPCB,"Kandivali East, Mumbai - MPCB",19.2058,72.8682,2025-11-16 00:00,6.94
KANDIVALI_EAST_MUMBAI_MPCB,"Kandivali East, Mumbai - MPCB",19.2058,72.8682,2025-11-17 00:00,7.58
KANDIVALI_EAST_MUMBAI_MPCB,"Kandivali East, Mumbai - MPCB",19.2058,72.8682,2025-11-18 00:00,6.24
KANDIVALI_EAST_MUMBAI_MPCB,"Kandivali East, Mumbai - MPCB",19.2058,72.8682,2025-11-19 00:00,5.93
KANDIVALI_EAST_MUMBAI_MPCB,"Kandivali East, Mumbai - MPCB",19.2058,72.8682,2025-11-20 00:00,4.96
KANDIVALI_EAST_MUMBAI_MPCB,"Kandivali East, Mumbai - MPCB",19.2058,72.8682,2025-11-21 00:00,6.19
KANDIVALI_EAST_MUMBAI_MPCB,"Kandivali East, Mumbai - MPCB",19.2058,72.8682,2025-11-22 00:00,5.83
KANDIVALI_EAST_MUMBAI_MPCB,"Kandivali East, Mumbai - MPCB",19.2058,72.8682,2025-11-23 00:00,5.91
KANDIVALI_EAST_MUMBAI_MPCB,"Kandivali East, Mumbai - MPCB",19.2058,72.8682,2025-11-24 00:00,5.9
KANDIVALI_EAST_MUMBAI_MPCB,"Kandivali East, Mumbai - MPCB",19.2058,72.8682,2025-11-25 00:00,6.03
KANDIVALI_EAST_MUMBAI_MPCB,"Kandivali East, Mumbai - MPCB",19.2058,72.8682,2025-11-26 00:00,6.01
KANDIVALI_EAST_MUMBAI_MPCB,"Kandivali East, Mumbai - MPCB",19.2058,72.8682,2025-11-27 00:00,6.52
KANDIVALI_EAST_MUMBAI_MPCB,"Kandivali East, Mumbai - MPCB",19.2058,72.8682,2025-11-28 00:00,6.55
KANDIVALI_EAST_MUMBAI_MPCB,"Kandivali East, Mumbai - MPCB",19.2058,72.8682,2025-11-29 00:00,6.36
KANDIVALI_EAST_MUMBAI_MPCB,"Kandivali East, Mumbai - MPCB",19.2058,72.8682,2025-11-30 00:00,6.49
KANDIVALI_EAST_MUMBAI_MPCB,"Kandivali East, Mumbai - MPCB",19.2058,72.8682,2025-12-01 00:00,6.27
KANDIVALI_EAST_MUMBAI_MPCB,"Kandivali East, Mumbai - MPCB",19.2058,72.8682,2025-12-27 00:00,38.34
KANDIVALI_EAST_MUMBAI_MPCB,"Kandivali East, Mumbai - MPCB",19.2058,72.8682,2025-12-28 00:00,38.3
KANDIVALI_EAST_MUMBAI_MPCB,"Kandivali East, Mumbai - MPCB",19.2058,72.8682,2025-12-29 00:00,26.09
KANDIVALI_EAST_MUMBAI_MPCB,"Kandivali East, Mumbai - MPCB",19.2058,72.8682,2025-12-30 00:00,23.89
KANDIVALI_EAST_MUMBAI_MPCB,"Kandivali East, Mumbai - MPCB",19.2058,72.8682,2025-12-31 00:00,23.9
KANDIVALI_WEST_MUMBAI_BMC,"Kandivali West, Mumbai - BMC",19.215859,72.831718,2025-11-01 00:00,13.6
KANDIVALI_WEST_MUMBAI_BMC,"Kandivali West, Mumbai - BMC",19.215859,72.831718,2025-11-02 00:00,16.22
KANDIVALI_WEST_MUMBAI_BMC,"Kandivali West, Mumbai - BMC",19.215859,72.831718,2025-11-03 00:00,18.28
KANDIVALI_WEST_MUMBAI_BMC,"Kandivali West, Mumbai - BMC",19.215859,72.831718,2025-11-04 00:00,10.38
KANDIVALI_WEST_MUMBAI_BMC,"Kandivali West, Mumbai - BMC",19.215859,72.831718,2025-11-05 00:00,9.11
KANDIVALI_WEST_MUMBAI_BMC,"Kandivali West, Mumbai - BMC",19.215859,72.831718,2025-11-06 00:00,10.29
KANDIVALI_WEST_MUMBAI_BMC,"Kandivali West, Mumbai - BMC",19.215859,72.831718,2025-11-07 00:00,15.66
KANDIVALI_WEST_MUMBAI_BMC,"Kandivali West, Mumbai - BMC",19.215859,72.831718,2025-11-08 00:00,14.87
KANDIVALI_WEST_MUMBAI_BMC,"Kandivali West, Mumbai - BMC",19.215859,72.831718,2025-11-09 00:00,18.05
KANDIVALI_WEST_MUMBAI_BMC,"Kandivali West, Mumbai - BMC",19.215859,72.831718,2025-11-10 00:00,28.31
KANDIVALI_WEST_MUMBAI_BMC,"Kandivali West, Mumbai - BMC",19.215859,72.831718,2025-11-11 00:00,25.85
KANDIVALI_WEST_MUMBAI_BMC,"Kandivali West, Mumbai - BMC",19.215859,72.831718,2025-11-12 00:00,16.64
KANDIVALI_WEST_MUMBAI_BMC,"Kandivali West, Mumbai - BMC",19.215859,72.831718,2025-11-13 00:00,19.26
KANDIVALI_WEST_MUMBAI_BMC,"Kandivali West, Mumbai - BMC",19.215859,72.831718,2025-11-14 00:00,23.67
KANDIVALI_WEST_MUMBAI_BMC,"Kandivali West, Mumbai - BMC",19.215859,72.831718,2025-11-15 00:00,24.04
KANDIVALI_WEST_MUMBAI_BMC,"Kandivali West, Mumbai - BMC",19.215859,72.831718,2025-11-16 00:00,22.37
KANDIVALI_WEST_MUMBAI_BMC,"Kandivali West, Mumbai - BMC",19.215859,72.831718,2025-11-17 00:00,16.87
KANDIVALI_WEST_MUMBAI_BMC,"Kandivali West, Mumbai - BMC",19.215859,72.831718,2025-11-18 00:00,19.58
KANDIVALI_WEST_MUMBAI_BMC,"Kandivali West, Mumbai - BMC",19.215859,72.831718,2025-11-19 00:00,27.18
KANDIVALI_WEST_MUMBAI_BMC,"Kandivali West, Mumbai - BMC",19.215859,72.831718,2025-11-20 00:00,28.94
KANDIVALI_WEST_MUMBAI_BMC,"Kandivali West, Mumbai - BMC",19.215859,72.831718,2025-11-21 00:00,30.59
KANDIVALI_WEST_MUMBAI_BMC,"Kandivali West, Mumbai - BMC",19.215859,72.831718,2025-11-22 00:00,36.1
KANDIVALI_WEST_MUMBAI_BMC,"Kandivali West, Mumbai - BMC",19.215859,72.831718,2025-11-23 00:00,35.4
KANDIVALI_WEST_MUMBAI_BMC,"Kandivali West, Mumbai - BMC",19.215859,72.831718,2025-11-24 00:00,25.28
KANDIVALI_WEST_MUMBAI_BMC,"Kandivali West, Mumbai - BMC",19.215859,72.831718,2025-11-25 00:00,22.89
KANDIVALI_WEST_MUMBAI_BMC,"Kandivali West, Mumbai - BMC",19.215859,72.831718,2025-11-26 00:00,26.8
KANDIVALI_WEST_MUMBAI_BMC,"Kandivali West, Mumbai - BMC",19.215859,72.831718,2025-11-27 00:00,23.06
KANDIVALI_WEST_MUMBAI_BMC,"Kandivali West, Mumbai - BMC",19.215859,72.831718,2025-11-28 00:00,21.79
KANDIVALI_WEST_MUMBAI_BMC,"Kandivali West, Mumbai - BMC",19.215859,72.831718,2025-11-29 00:00,20.05
KANDIVALI_WEST_MUMBAI_BMC,"Kandivali West, Mumbai - BMC",19.215859,72.831718,2025-11-30 00:00,23.9
KANDIVALI_WEST_MUMBAI_BMC,"Kandivali West, Mumbai - BMC",19.215859,72.831718,2025-12-01 00:00,27.81
KANDIVALI_WEST_MUMBAI_BMC,"Kandivali West, Mumbai - BMC",19.215859,72.831718,2025-12-02 00:00,25.32
KANDIVALI_WEST_MUMBAI_BMC,"Kandivali West, Mumbai - BMC",19.215859,72.831718,2025-12-03 00:00,26.28
KANDIVALI_WEST_MUMBAI_BMC,"Kandivali West, Mumbai - BMC",19.215859,72.831718,2025-12-04 00:00,20.48
KANDIVALI_WEST_MUMBAI_BMC,"Kandivali West, Mumbai - BMC",19.215859,72.831718,2025-12-05 00:00,19.26
KANDIVALI_WEST_MUMBAI_BMC,"Kandivali West, Mumbai - BMC",19.215859,72.831718,2025-12-06 00:00,13.87
KANDIVALI_WEST_MUMBAI_BMC,"Kandivali West, Mumbai - BMC",19.215859,72.831718,2025-12-07 00:00,14.37
KANDIVALI_WEST_MUMBAI_BMC,"Kandivali West, Mumbai - BMC",19.215859,72.831718,2025-12-08 00:00,22.21
KANDIVALI_WEST_MUMBAI_BMC,"Kandivali West, Mumbai - BMC",19.215859,72.831718,2025-12-10 00:00,21.73
KANDIVALI_WEST_MUMBAI_BMC,"Kandivali West, Mumbai - BMC",19.215859,72.831718,2025-12-11 00:00,20.06
KANDIVALI_WEST_MUMBAI_BMC,"Kandivali West, Mumbai - BMC",19.215859,72.831718,2025-12-12 00:00,28.24
KANDIVALI_WEST_MUMBAI_BMC,"Kandivali West, Mumbai - BMC",19.215859,72.831718,2025-12-13 00:00,32.54
KANDIVALI_WEST_MUMBAI_BMC,"Kandivali West, Mumbai - BMC",19.215859,72.831718,2025-12-14 00:00,29.22
KANDIVALI_WEST_MUMBAI_BMC,"Kandivali West, Mumbai - BMC",19.215859,72.831718,2025-12-15 00:00,28.48
KANDIVALI_WEST_MUMBAI_BMC,"Kandivali West, Mumbai - BMC",19.215859,72.831718,2025-12-16 00:00,22.84
KANDIVALI_WEST_MUMBAI_BMC,"Kandivali West, Mumbai - BMC",19.215859,72.831718,2025-12-17 00:00,28.25
KANDIVALI_WEST_MUMBAI_BMC,"Kandivali West, Mumbai - BMC",19.215859,72.831718,2025-12-18 00:00,27.6
KANDIVALI_WEST_MUMBAI_BMC,"Kandivali West, Mumbai - BMC",19.215859,72.831718,2025-12-19 00:00,32.96
KANDIVALI_WEST_MUMBAI_BMC,"Kandivali West, Mumbai - BMC",19.215859,72.831718,2025-12-20 00:00,23.52
KANDIVALI_WEST_MUMBAI_BMC,"Kandivali West, Mumbai - BMC",19.215859,72.831718,2025-12-21 00:00,26.14
KANDIVALI_WEST_MUMBAI_BMC,"Kandivali West, Mumbai - BMC",19.215859,72.831718,2025-12-22 00:00,31.72
KANDIVALI_WEST_MUMBAI_BMC,"Kandivali West, Mumbai - BMC",19.215859,72.831718,2025-12-23 00:00,25.32
KANDIVALI_WEST_MUMBAI_BMC,"Kandivali West, Mumbai - BMC",19.215859,72.831718,2025-12-24 00:00,22.11
KANDIVALI_WEST_MUMBAI_BMC,"Kandivali West, Mumbai - BMC",19.215859,72.831718,2025-12-25 00:00,24.83
KANDIVALI_WEST_MUMBAI_BMC,"Kandivali West, Mumbai - BMC",19.215859,72.831718,2025-12-26 00:00,27.71
KANDIVALI_WEST_MUMBAI_BMC,"Kandivali West, Mumbai - BMC",19.215859,72.831718,2025-12-27 00:00,26.31
KANDIVALI_WEST_MUMBAI_BMC,"Kandivali West, Mumbai - BMC",19.215859,72.831718,2025-12-28 00:00,31.3
KANDIVALI_WEST_MUMBAI_BMC,"Kandivali West, Mumbai - BMC",19.215859,72.831718,2025-12-29 00:00,30.31
KANDIVALI_WEST_MUMBAI_BMC,"Kandivali West, Mumbai - BMC",19.215859,72.831718,2025-12-30 00:00,34.77
KANDIVALI_WEST_MUMBAI_BMC,"Kandivali West, Mumbai - BMC",19.215859,72.831718,2025-12-31 00:00,26.46
KHERWADI_BANDRA_EAST_MUMBAI_MPCB,"Kherwadi_Bandra East, Mumbai - MPCB",19.0632143,72.8456324,2025-11-01 00:00,12.24
KHERWADI_BANDRA_EAST_MUMBAI_MPCB,"Kherwadi_Bandra East, Mumbai - MPCB",19.0632143,72.8456324,2025-11-02 00:00,11.38
KHERWADI_BANDRA_EAST_MUMBAI_MPCB,"Kherwadi_Bandra East, Mumbai - MPCB",19.0632143,72.8456324,2025-11-03 00:00,8.04
KHERWADI_BANDRA_EAST_MUMBAI_MPCB,"Kherwadi_Bandra East, Mumbai - MPCB",19.0632143,72.8456324,2025-11-04 00:00,6.79
KHERWADI_BANDRA_EAST_MUMBAI_MPCB,"Kherwadi_Bandra East, Mumbai - MPCB",19.0632143,72.8456324,2025-11-05 00:00,8.56
KHERWADI_BANDRA_EAST_MUMBAI_MPCB,"Kherwadi_Bandra East, Mumbai - MPCB",19.0632143,72.8456324,2025-11-06 00:00,11.27
KHERWADI_BANDRA_EAST_MUMBAI_MPCB,"Kherwadi_Bandra East, Mumbai - MPCB",19.0632143,72.8456324,2025-11-07 00:00,27.07
KHERWADI_BANDRA_EAST_MUMBAI_MPCB,"Kherwadi_Bandra East, Mumbai - MPCB",19.0632143,72.8456324,2025-11-08 00:00,22.79
KHERWADI_BANDRA_EAST_MUMBAI_MPCB,"Kherwadi_Bandra East, Mumbai - MPCB",19.0632143,72.8456324,2025-11-09 00:00,18.16
KHERWADI_BANDRA_EAST_MUMBAI_MPCB,"Kherwadi_Bandra East, Mumbai - MPCB",19.0632143,72.8456324,2025-11-10 00:00,36.05
KHERWADI_BANDRA_EAST_MUMBAI_MPCB,"Kherwadi_Bandra East, Mumbai - MPCB",19.0632143,72.8456324,2025-11-11 00:00,36.41
KHERWADI_BANDRA_EAST_MUMBAI_MPCB,"Kherwadi_Bandra East, Mumbai - MPCB",19.0632143,72.8456324,2025-11-12 00:00,47.72
KHERWADI_BANDRA_EAST_MUMBAI_MPCB,"Kherwadi_Bandra East, Mumbai - MPCB",19.0632143,72.8456324,2025-11-13 00:00,33.72
KHERWADI_BANDRA_EAST_MUMBAI_MPCB,"Kherwadi_Bandra East, Mumbai - MPCB",19.0632143,72.8456324,2025-11-14 00:00,32.66
KHERWADI_BANDRA_EAST_MUMBAI_MPCB,"Kherwadi_Bandra East, Mumbai - MPCB",19.0632143,72.8456324,2025-11-15 00:00,34.33
KHERWADI_BANDRA_EAST_MUMBAI_MPCB,"Kherwadi_Bandra East, Mumbai - MPCB",19.0632143,72.8456324,2025-11-16 00:00,27.18
KHERWADI_BANDRA_EAST_MUMBAI_MPCB,"Kherwadi_Bandra East, Mumbai - MPCB",19.0632143,72.8456324,2025-11-17 00:00,29.3
KHERWADI_BANDRA_EAST_MUMBAI_MPCB,"Kherwadi_Bandra East, Mumbai - MPCB",19.0632143,72.8456324,2025-11-18 00:00,34.23
KHERWADI_BANDRA_EAST_MUMBAI_MPCB,"Kherwadi_Bandra East, Mumbai - MPCB",19.0632143,72.8456324,2025-11-19 00:00,37.82
KHERWADI_BANDRA_EAST_MUMBAI_MPCB,"Kherwadi_Bandra East, Mumbai - MPCB",19.0632143,72.8456324,2025-11-20 00:00,31.1
KHERWADI_BANDRA_EAST_MUMBAI_MPCB,"Kherwadi_Bandra East, Mumbai - MPCB",19.0632143,72.8456324,2025-11-21 00:00,24.91
KHERWADI_BANDRA_EAST_MUMBAI_MPCB,"Kherwadi_Bandra East, Mumbai - MPCB",19.0632143,72.8456324,2025-11-22 00:00,25.65
KHERWADI_BANDRA_EAST_MUMBAI_MPCB,"Kherwadi_Bandra East, Mumbai - MPCB",19.0632143,72.8456324,2025-11-23 00:00,23.41
KHERWADI_BANDRA_EAST_MUMBAI_MPCB,"Kherwadi_Bandra East, Mumbai - MPCB",19.0632143,72.8456324,2025-11-24 00:00,21.08
KHERWADI_BANDRA_EAST_MUMBAI_MPCB,"Kherwadi_Bandra East, Mumbai - MPCB",19.0632143,72.8456324,2025-11-25 00:00,23.2
KHERWADI_BANDRA_EAST_MUMBAI_MPCB,"Kherwadi_Bandra East, Mumbai - MPCB",19.0632143,72.8456324,2025-11-26 00:00,23.8
KHERWADI_BANDRA_EAST_MUMBAI_MPCB,"Kherwadi_Bandra East, Mumbai - MPCB",19.0632143,72.8456324,2025-11-27 00:00,35.61
KHERWADI_BANDRA_EAST_MUMBAI_MPCB,"Kherwadi_Bandra East, Mumbai - MPCB",19.0632143,72.8456324,2025-11-28 00:00,37.53
KHERWADI_BANDRA_EAST_MUMBAI_MPCB,"Kherwadi_Bandra East, Mumbai - MPCB",19.0632143,72.8456324,2025-11-29 00:00,23.1
KHERWADI_BANDRA_EAST_MUMBAI_MPCB,"Kherwadi_Bandra East, Mumbai - MPCB",19.0632143,72.8456324,2025-11-30 00:00,33.81
KHERWADI_BANDRA_EAST_MUMBAI_MPCB,"Kherwadi_Bandra East, Mumbai - MPCB",19.0632143,72.8456324,2025-12-01 00:00,24.25
KHERWADI_BANDRA_EAST_MUMBAI_MPCB,"Kherwadi_Bandra East, Mumbai - MPCB",19.0632143,72.8456324,2025-12-02 00:00,27.47
KHERWADI_BANDRA_EAST_MUMBAI_MPCB,"Kherwadi_Bandra East, Mumbai - MPCB",19.0632143,72.8456324,2025-12-03 00:00,39.74
KHERWADI_BANDRA_EAST_MUMBAI_MPCB,"Kherwadi_Bandra East, Mumbai - MPCB",19.0632143,72.8456324,2025-12-04 00:00,39.21
KHERWADI_BANDRA_EAST_MUMBAI_MPCB,"Kherwadi_Bandra East, Mumbai - MPCB",19.0632143,72.8456324,2025-12-05 00:00,35.05
KHERWADI_BANDRA_EAST_MUMBAI_MPCB,"Kherwadi_Bandra East, Mumbai - MPCB",19.0632143,72.8456324,2025-12-06 00:00,24.89
KHERWADI_BANDRA_EAST_MUMBAI_MPCB,"Kherwadi_Bandra East, Mumbai - MPCB",19.0632143,72.8456324,2025-12-07 00:00,7.74
KHERWADI_BANDRA_EAST_MUMBAI_MPCB,"Kherwadi_Bandra East, Mumbai - MPCB",19.0632143,72.8456324,2025-12-08 00:00,36.52
KHERWADI_BANDRA_EAST_MUMBAI_MPCB,"Kherwadi_Bandra East, Mumbai - MPCB",19.0632143,72.8456324,2025-12-09 00:00,25.76
KHERWADI_BANDRA_EAST_MUMBAI_MPCB,"Kherwadi_Bandra East, Mumbai - MPCB",19.0632143,72.8456324,2025-12-10 00:00,32.22
KHERWADI_BANDRA_EAST_MUMBAI_MPCB,"Kherwadi_Bandra East, Mumbai - MPCB",19.0632143,72.8456324,2025-12-11 00:00,34.49
KHERWADI_BANDRA_EAST_MUMBAI_MPCB,"Kherwadi_Bandra East, Mumbai - MPCB",19.0632143,72.8456324,2025-12-12 00:00,31.75
KHERWADI_BANDRA_EAST_MUMBAI_MPCB,"Kherwadi_Bandra East, Mumbai - MPCB",19.0632143,72.8456324,2025-12-13 00:00,32.42
KHERWADI_BANDRA_EAST_MUMBAI_MPCB,"Kherwadi_Bandra East, Mumbai - MPCB",19.0632143,72.8456324,2025-12-14 00:00,31.85
KHERWADI_BANDRA_EAST_MUMBAI_MPCB,"Kherwadi_Bandra East, Mumbai - MPCB",19.0632143,72.8456324,2025-12-15 00:00,50.62
KHERWADI_BANDRA_EAST_MUMBAI_MPCB,"Kherwadi_Bandra East, Mumbai - MPCB",19.0632143,72.8456324,2025-12-16 00:00,32.05
KHERWADI_BANDRA_EAST_MUMBAI_MPCB,"Kherwadi_Bandra East, Mumbai - MPCB",19.0632143,72.8456324,2025-12-17 00:00,25.66
KHERWADI_BANDRA_EAST_MUMBAI_MPCB,"Kherwadi_Bandra East, Mumbai - MPCB",19.0632143,72.8456324,2025-12-18 00:00,29.72
KHERWADI_BANDRA_EAST_MUMBAI_MPCB,"Kherwadi_Bandra East, Mumbai - MPCB",19.0632143,72.8456324,2025-12-19 00:00,19.84
KHERWADI_BANDRA_EAST_MUMBAI_MPCB,"Kherwadi_Bandra East, Mumbai - MPCB",19.0632143,72.8456324,2025-12-20 00:00,26.43
KHERWADI_BANDRA_EAST_MUMBAI_MPCB,"Kherwadi_Bandra East, Mumbai - MPCB",19.0632143,72.8456324,2025-12-21 00:00,16.92
KHERWADI_BANDRA_EAST_MUMBAI_MPCB,"Kherwadi_Bandra East, Mumbai - MPCB",19.0632143,72.8456324,2025-12-22 00:00,24.35
KHERWADI_BANDRA_EAST_MUMBAI_MPCB,"Kherwadi_Bandra East, Mumbai - MPCB",19.0632143,72.8456324,2025-12-23 00:00,22.37
KHERWADI_BANDRA_EAST_MUMBAI_MPCB,"Kherwadi_Bandra East, Mumbai - MPCB",19.0632143,72.8456324,2025-12-24 00:00,20.63
KHERWADI_BANDRA_EAST_MUMBAI_MPCB,"Kherwadi_Bandra East, Mumbai - MPCB",19.0632143,72.8456324,2025-12-25 00:00,20.28
KHERWADI_BANDRA_EAST_MUMBAI_MPCB,"Kherwadi_Bandra East, Mumbai - MPCB",19.0632143,72.8456324,2025-12-26 00:00,17.98
KHERWADI_BANDRA_EAST_MUMBAI_MPCB,"Kherwadi_Bandra East, Mumbai - MPCB",19.0632143,72.8456324,2025-12-27 00:00,20.45
KHERWADI_BANDRA_EAST_MUMBAI_MPCB,"Kherwadi_Bandra East, Mumbai - MPCB",19.0632143,72.8456324,2025-12-28 00:00,8.12
KHERWADI_BANDRA_EAST_MUMBAI_MPCB,"Kherwadi_Bandra East, Mumbai - MPCB",19.0632143,72.8456324,2025-12-29 00:00,23.38
KHERWADI_BANDRA_EAST_MUMBAI_MPCB,"Kherwadi_Bandra East, Mumbai - MPCB",19.0632143,72.8456324,2025-12-30 00:00,43.21
KHERWADI_BANDRA_EAST_MUMBAI_MPCB,"Kherwadi_Bandra East, Mumbai - MPCB",19.0632143,72.8456324,2025-12-31 00:00,29.34
KHINDIPADA_BHANDUP_WEST_MUMBAI_IITM,"Khindipada-Bhandup West, Mumbai - IITM",19.1653323,72.922099,2025-11-01 00:00,12.2
KHINDIPADA_BHANDUP_WEST_MUMBAI_IITM,"Khindipada-Bhandup West, Mumbai - IITM",19.1653323,72.922099,2025-11-02 00:00,13.56
KHINDIPADA_BHANDUP_WEST_MUMBAI_IITM,"Khindipada-Bhandup West, Mumbai - IITM",19.1653323,72.922099,2025-11-03 00:00,10.4
KHINDIPADA_BHANDUP_WEST_MUMBAI_IITM,"Khindipada-Bhandup West, Mumbai - IITM",19.1653323,72.922099,2025-11-04 00:00,5.98
KHINDIPADA_BHANDUP_WEST_MUMBAI_IITM,"Khindipada-Bhandup West, Mumbai - IITM",19.1653323,72.922099,2025-11-05 00:00,5.58
KHINDIPADA_BHANDUP_WEST_MUMBAI_IITM,"Khindipada-Bhandup West, Mumbai - IITM",19.1653323,72.922099,2025-11-06 00:00,8.9
KHINDIPADA_BHANDUP_WEST_MUMBAI_IITM,"Khindipada-Bhandup West, Mumbai - IITM",19.1653323,72.922099,2025-11-08 00:00,13.77
KHINDIPADA_BHANDUP_WEST_MUMBAI_IITM,"Khindipada-Bhandup West, Mumbai - IITM",19.1653323,72.922099,2025-11-09 00:00,13.49
KHINDIPADA_BHANDUP_WEST_MUMBAI_IITM,"Khindipada-Bhandup West, Mumbai - IITM",19.1653323,72.922099,2025-11-10 00:00,21.33
KHINDIPADA_BHANDUP_WEST_MUMBAI_IITM,"Khindipada-Bhandup West, Mumbai - IITM",19.1653323,72.922099,2025-11-11 00:00,26.09
KHINDIPADA_BHANDUP_WEST_MUMBAI_IITM,"Khindipada-Bhandup West, Mumbai - IITM",19.1653323,72.922099,2025-11-12 00:00,19.17
KHINDIPADA_BHANDUP_WEST_MUMBAI_IITM,"Khindipada-Bhandup West, Mumbai - IITM",19.1653323,72.922099,2025-11-13 00:00,21.28
KHINDIPADA_BHANDUP_WEST_MUMBAI_IITM,"Khindipada-Bhandup West, Mumbai - IITM",19.1653323,72.922099,2025-11-14 00:00,21.47
KHINDIPADA_BHANDUP_WEST_MUMBAI_IITM,"Khindipada-Bhandup West, Mumbai - IITM",19.1653323,72.922099,2025-11-15 00:00,18.72
KHINDIPADA_BHANDUP_WEST_MUMBAI_IITM,"Khindipada-Bhandup West, Mumbai - IITM",19.1653323,72.922099,2025-11-16 00:00,18.26
KHINDIPADA_BHANDUP_WEST_MUMBAI_IITM,"Khindipada-Bhandup West, Mumbai - IITM",19.1653323,72.922099,2025-11-17 00:00,21.18
KHINDIPADA_BHANDUP_WEST_MUMBAI_IITM,"Khindipada-Bhandup West, Mumbai - IITM",19.1653323,72.922099,2025-11-18 00:00,19.83
KHINDIPADA_BHANDUP_WEST_MUMBAI_IITM,"Khindipada-Bhandup West, Mumbai - IITM",19.1653323,72.922099,2025-11-19 00:00,20.09
KHINDIPADA_BHANDUP_WEST_MUMBAI_IITM,"Khindipada-Bhandup West, Mumbai - IITM",19.1653323,72.922099,2025-11-20 00:00,22.34
KHINDIPADA_BHANDUP_WEST_MUMBAI_IITM,"Khindipada-Bhandup West, Mumbai - IITM",19.1653323,72.922099,2025-11-21 00:00,26.07
KHINDIPADA_BHANDUP_WEST_MUMBAI_IITM,"Khindipada-Bhandup West, Mumbai - IITM",19.1653323,72.922099,2025-11-22 00:00,28.07
KHINDIPADA_BHANDUP_WEST_MUMBAI_IITM,"Khindipada-Bhandup West, Mumbai - IITM",19.1653323,72.922099,2025-11-23 00:00,21.64
KHINDIPADA_BHANDUP_WEST_MUMBAI_IITM,"Khindipada-Bhandup West, Mumbai - IITM",19.1653323,72.922099,2025-11-24 00:00,22.55
KHINDIPADA_BHANDUP_WEST_MUMBAI_IITM,"Khindipada-Bhandup West, Mumbai - IITM",19.1653323,72.922099,2025-11-25 00:00,23.47
KHINDIPADA_BHANDUP_WEST_MUMBAI_IITM,"Khindipada-Bhandup West, Mumbai - IITM",19.1653323,72.922099,2025-11-26 00:00,19.81
KHINDIPADA_BHANDUP_WEST_MUMBAI_IITM,"Khindipada-Bhandup West, Mumbai - IITM",19.1653323,72.922099,2025-11-27 00:00,19.57
KHINDIPADA_BHANDUP_WEST_MUMBAI_IITM,"Khindipada-Bhandup West, Mumbai - IITM",19.1653323,72.922099,2025-11-28 00:00,19.27
KHINDIPADA_BHANDUP_WEST_MUMBAI_IITM,"Khindipada-Bhandup West, Mumbai - IITM",19.1653323,72.922099,2025-11-29 00:00,15.24
KHINDIPADA_BHANDUP_WEST_MUMBAI_IITM,"Khindipada-Bhandup West, Mumbai - IITM",19.1653323,72.922099,2025-11-30 00:00,20.85
KHINDIPADA_BHANDUP_WEST_MUMBAI_IITM,"Khindipada-Bhandup West, Mumbai - IITM",19.1653323,72.922099,2025-12-01 00:00,20.75
KHINDIPADA_BHANDUP_WEST_MUMBAI_IITM,"Khindipada-Bhandup West, Mumbai - IITM",19.1653323,72.922099,2025-12-02 00:00,19.93
KHINDIPADA_BHANDUP_WEST_MUMBAI_IITM,"Khindipada-Bhandup West, Mumbai - IITM",19.1653323,72.922099,2025-12-03 00:00,17.33
KHINDIPADA_BHANDUP_WEST_MUMBAI_IITM,"Khindipada-Bhandup West, Mumbai - IITM",19.1653323,72.922099,2025-12-04 00:00,15.73
KHINDIPADA_BHANDUP_WEST_MUMBAI_IITM,"Khindipada-Bhandup West, Mumbai - IITM",19.1653323,72.922099,2025-12-05 00:00,15.01
KHINDIPADA_BHANDUP_WEST_MUMBAI_IITM,"Khindipada-Bhandup West, Mumbai - IITM",19.1653323,72.922099,2025-12-06 00:00,19.1
KHINDIPADA_BHANDUP_WEST_MUMBAI_IITM,"Khindipada-Bhandup West, Mumbai - IITM",19.1653323,72.922099,2025-12-07 00:00,16.62
KHINDIPADA_BHANDUP_WEST_MUMBAI_IITM,"Khindipada-Bhandup West, Mumbai - IITM",19.1653323,72.922099,2025-12-08 00:00,21.14
KHINDIPADA_BHANDUP_WEST_MUMBAI_IITM,"Khindipada-Bhandup West, Mumbai - IITM",19.1653323,72.922099,2025-12-11 00:00,32.14
KHINDIPADA_BHANDUP_WEST_MUMBAI_IITM,"Khindipada-Bhandup West, Mumbai - IITM",19.1653323,72.922099,2025-12-12 00:00,42.6
KHINDIPADA_BHANDUP_WEST_MUMBAI_IITM,"Khindipada-Bhandup West, Mumbai - IITM",19.1653323,72.922099,2025-12-13 00:00,75.67
KHINDIPADA_BHANDUP_WEST_MUMBAI_IITM,"Khindipada-Bhandup West, Mumbai - IITM",19.1653323,72.922099,2025-12-14 00:00,56.98
KHINDIPADA_BHANDUP_WEST_MUMBAI_IITM,"Khindipada-Bhandup West, Mumbai - IITM",19.1653323,72.922099,2025-12-15 00:00,46.75
KHINDIPADA_BHANDUP_WEST_MUMBAI_IITM,"Khindipada-Bhandup West, Mumbai - IITM",19.1653323,72.922099,2025-12-16 00:00,44.44
KHINDIPADA_BHANDUP_WEST_MUMBAI_IITM,"Khindipada-Bhandup West, Mumbai - IITM",19.1653323,72.922099,2025-12-17 00:00,38.51
KHINDIPADA_BHANDUP_WEST_MUMBAI_IITM,"Khindipada-Bhandup West, Mumbai - IITM",19.1653323,72.922099,2025-12-18 00:00,34.7
KHINDIPADA_BHANDUP_WEST_MUMBAI_IITM,"Khindipada-Bhandup West, Mumbai - IITM",19.1653323,72.922099,2025-12-19 00:00,43.63
KHINDIPADA_BHANDUP_WEST_MUMBAI_IITM,"Khindipada-Bhandup West, Mumbai - IITM",19.1653323,72.922099,2025-12-20 00:00,40.11
KHINDIPADA_BHANDUP_WEST_MUMBAI_IITM,"Khindipada-Bhandup West, Mumbai - IITM",19.1653323,72.922099,2025-12-21 00:00,39.86
KHINDIPADA_BHANDUP_WEST_MUMBAI_IITM,"Khindipada-Bhandup West, Mumbai - IITM",19.1653323,72.922099,2025-12-22 00:00,38.68
KHINDIPADA_BHANDUP_WEST_MUMBAI_IITM,"Khindipada-Bhandup West, Mumbai - IITM",19.1653323,72.922099,2025-12-23 00:00,36.36
KHINDIPADA_BHANDUP_WEST_MUMBAI_IITM,"Khindipada-Bhandup West, Mumbai - IITM",19.1653323,72.922099,2025-12-24 00:00,30.45
KHINDIPADA_BHANDUP_WEST_MUMBAI_IITM,"Khindipada-Bhandup West, Mumbai - IITM",19.1653323,72.922099,2025-12-25 00:00,34.55
KHINDIPADA_BHANDUP_WEST_MUMBAI_IITM,"Khindipada-Bhandup West, Mumbai - IITM",19.1653323,72.922099,2025-12-26 00:00,38.17
KHINDIPADA_BHANDUP_WEST_MUMBAI_IITM,"Khindipada-Bhandup West, Mumbai - IITM",19.1653323,72.922099,2025-12-27 00:00,41.5
KHINDIPADA_BHANDUP_WEST_MUMBAI_IITM,"Khindipada-Bhandup West, Mumbai - IITM",19.1653323,72.922099,2025-12-28 00:00,33.77
KHINDIPADA_BHANDUP_WEST_MUMBAI_IITM,"Khindipada-Bhandup West, Mumbai - IITM",19.1653323,72.922099,2025-12-29 00:00,36.01
KHINDIPADA_BHANDUP_WEST_MUMBAI_IITM,"Khindipada-Bhandup West, Mumbai - IITM",19.1653323,72.922099,2025-12-30 00:00,40.93
KHINDIPADA_BHANDUP_WEST_MUMBAI_IITM,"Khindipada-Bhandup West, Mumbai - IITM",19.1653323,72.922099,2025-12-31 00:00,24.09
KURLA_MUMBAI_MPCB,"Kurla, Mumbai - MPCB",19.0863,72.8888,2025-11-01 00:00,3.77
KURLA_MUMBAI_MPCB,"Kurla, Mumbai - MPCB",19.0863,72.8888,2025-11-02 00:00,3.62
KURLA_MUMBAI_MPCB,"Kurla, Mumbai - MPCB",19.0863,72.8888,2025-11-03 00:00,3.94
KURLA_MUMBAI_MPCB,"Kurla, Mumbai - MPCB",19.0863,72.8888,2025-11-04 00:00,3.74
KURLA_MUMBAI_MPCB,"Kurla, Mumbai - MPCB",19.0863,72.8888,2025-11-05 00:00,3.34
KURLA_MUMBAI_MPCB,"Kurla, Mumbai - MPCB",19.0863,72.8888,2025-11-06 00:00,3.95
KURLA_MUMBAI_MPCB,"Kurla, Mumbai - MPCB",19.0863,72.8888,2025-11-07 00:00,4.18
KURLA_MUMBAI_MPCB,"Kurla, Mumbai - MPCB",19.0863,72.8888,2025-11-08 00:00,4.19
KURLA_MUMBAI_MPCB,"Kurla, Mumbai - MPCB",19.0863,72.8888,2025-11-09 00:00,4.44
KURLA_MUMBAI_MPCB,"Kurla, Mumbai - MPCB",19.0863,72.8888,2025-11-10 00:00,4.42
KURLA_MUMBAI_MPCB,"Kurla, Mumbai - MPCB",19.0863,72.8888,2025-11-11 00:00,5.16
KURLA_MUMBAI_MPCB,"Kurla, Mumbai - MPCB",19.0863,72.8888,2025-11-12 00:00,5.02
KURLA_MUMBAI_MPCB,"Kurla, Mumbai - MPCB",19.0863,72.8888,2025-11-13 00:00,5.23
KURLA_MUMBAI_MPCB,"Kurla, Mumbai - MPCB",19.0863,72.8888,2025-11-14 00:00,5.3
KURLA_MUMBAI_MPCB,"Kurla, Mumbai - MPCB",19.0863,72.8888,2025-11-15 00:00,5.48
KURLA_MUMBAI_MPCB,"Kurla, Mumbai - MPCB",19.0863,72.8888,2025-11-16 00:00,5.43
KURLA_MUMBAI_MPCB,"Kurla, Mumbai - MPCB",19.0863,72.8888,2025-11-17 00:00,4.99
KURLA_MUMBAI_MPCB,"Kurla, Mumbai - MPCB",19.0863,72.8888,2025-11-18 00:00,4.78
KURLA_MUMBAI_MPCB,"Kurla, Mumbai - MPCB",19.0863,72.8888,2025-11-19 00:00,5.22
KURLA_MUMBAI_MPCB,"Kurla, Mumbai - MPCB",19.0863,72.8888,2025-11-20 00:00,5.42
KURLA_MUMBAI_MPCB,"Kurla, Mumbai - MPCB",19.0863,72.8888,2025-11-21 00:00,5.6
KURLA_MUMBAI_MPCB,"Kurla, Mumbai - MPCB",19.0863,72.8888,2025-11-22 00:00,6.17
KURLA_MUMBAI_MPCB,"Kurla, Mumbai - MPCB",19.0863,72.8888,2025-11-23 00:00,6.47
KURLA_MUMBAI_MPCB,"Kurla, Mumbai - MPCB",19.0863,72.8888,2025-11-24 00:00,6.32
KURLA_MUMBAI_MPCB,"Kurla, Mumbai - MPCB",19.0863,72.8888,2025-11-25 00:00,7.13
KURLA_MUMBAI_MPCB,"Kurla, Mumbai - MPCB",19.0863,72.8888,2025-11-26 00:00,6.35
KURLA_MUMBAI_MPCB,"Kurla, Mumbai - MPCB",19.0863,72.8888,2025-11-27 00:00,6.68
KURLA_MUMBAI_MPCB,"Kurla, Mumbai - MPCB",19.0863,72.8888,2025-11-28 00:00,7.06
KURLA_MUMBAI_MPCB,"Kurla, Mumbai - MPCB",19.0863,72.8888,2025-11-29 00:00,6.41
KURLA_MUMBAI_MPCB,"Kurla, Mumbai - MPCB",19.0863,72.8888,2025-11-30 00:00,6.0
KURLA_MUMBAI_MPCB,"Kurla, Mumbai - MPCB",19.0863,72.8888,2025-12-01 00:00,6.46
KURLA_MUMBAI_MPCB,"Kurla, Mumbai - MPCB",19.0863,72.8888,2025-12-02 00:00,6.92
KURLA_MUMBAI_MPCB,"Kurla, Mumbai - MPCB",19.0863,72.8888,2025-12-03 00:00,7.42
KURLA_MUMBAI_MPCB,"Kurla, Mumbai - MPCB",19.0863,72.8888,2025-12-04 00:00,6.45
KURLA_MUMBAI_MPCB,"Kurla, Mumbai - MPCB",19.0863,72.8888,2025-12-05 00:00,6.31
KURLA_MUMBAI_MPCB,"Kurla, Mumbai - MPCB",19.0863,72.8888,2025-12-06 00:00,5.71
KURLA_MUMBAI_MPCB,"Kurla, Mumbai - MPCB",19.0863,72.8888,2025-12-07 00:00,5.82
KURLA_MUMBAI_MPCB,"Kurla, Mumbai - MPCB",19.0863,72.8888,2025-12-08 00:00,6.04
KURLA_MUMBAI_MPCB,"Kurla, Mumbai - MPCB",19.0863,72.8888,2025-12-09 00:00,6.05
KURLA_MUMBAI_MPCB,"Kurla, Mumbai - MPCB",19.0863,72.8888,2025-12-10 00:00,5.34
KURLA_MUMBAI_MPCB,"Kurla, Mumbai - MPCB",19.0863,72.8888,2025-12-11 00:00,5.37
KURLA_MUMBAI_MPCB,"Kurla, Mumbai - MPCB",19.0863,72.8888,2025-12-12 00:00,5.03
KURLA_MUMBAI_MPCB,"Kurla, Mumbai - MPCB",19.0863,72.8888,2025-12-13 00:00,5.74
KURLA_MUMBAI_MPCB,"Kurla, Mumbai - MPCB",19.0863,72.8888,2025-12-14 00:00,5.54
KURLA_MUMBAI_MPCB,"Kurla, Mumbai - MPCB",19.0863,72.8888,2025-12-15 00:00,5.43
KURLA_MUMBAI_MPCB,"Kurla, Mumbai - MPCB",19.0863,72.8888,2025-12-16 00:00,4.83
KURLA_MUMBAI_MPCB,"Kurla, Mumbai - MPCB",19.0863,72.8888,2025-12-17 00:00,4.97
KURLA_MUMBAI_MPCB,"Kurla, Mumbai - MPCB",19.0863,72.8888,2025-12-18 00:00,5.6
KURLA_MUMBAI_MPCB,"Kurla, Mumbai - MPCB",19.0863,72.8888,2025-12-19 00:00,5.62
KURLA_MUMBAI_MPCB,"Kurla, Mumbai - MPCB",19.0863,72.8888,2025-12-24 00:00,5.5
KURLA_MUMBAI_MPCB,"Kurla, Mumbai - MPCB",19.0863,72.8888,2025-12-25 00:00,5.54
KURLA_MUMBAI_MPCB,"Kurla, Mumbai - MPCB",19.0863,72.8888,2025-12-26 00:00,5.78
KURLA_MUMBAI_MPCB,"Kurla, Mumbai - MPCB",19.0863,72.8888,2025-12-27 00:00,6.0
KURLA_MUMBAI_MPCB,"Kurla, Mumbai - MPCB",19.0863,72.8888,2025-12-28 00:00,5.63
KURLA_MUMBAI_MPCB,"Kurla, Mumbai - MPCB",19.0863,72.8888,2025-12-29 00:00,6.3
KURLA_MUMBAI_MPCB,"Kurla, Mumbai - MPCB",19.0863,72.8888,2025-12-30 00:00,5.37
KURLA_MUMBAI_MPCB,"Kurla, Mumbai - MPCB",19.0863,72.8888,2025-12-31 00:00,5.61
MALAD_WEST_MUMBAI_IITM,"Malad West, Mumbai - IITM",19.19709,72.82204,2025-11-01 00:00,39.26
MALAD_WEST_MUMBAI_IITM,"Malad West, Mumbai - IITM",19.19709,72.82204,2025-11-02 00:00,35.75
MALAD_WEST_MUMBAI_IITM,"Malad West, Mumbai - IITM",19.19709,72.82204,2025-11-03 00:00,33.86
MALAD_WEST_MUMBAI_IITM,"Malad West, Mumbai - IITM",19.19709,72.82204,2025-11-04 00:00,30.9
MALAD_WEST_MUMBAI_IITM,"Malad West, Mumbai - IITM",19.19709,72.82204,2025-11-05 00:00,45.64
MALAD_WEST_MUMBAI_IITM,"Malad West, Mumbai - IITM",19.19709,72.82204,2025-11-06 00:00,36.61
MALAD_WEST_MUMBAI_IITM,"Malad West, Mumbai - IITM",19.19709,72.82204,2025-11-07 00:00,46.86
MALAD_WEST_MUMBAI_IITM,"Malad West, Mumbai - IITM",19.19709,72.82204,2025-11-08 00:00,46.69
MALAD_WEST_MUMBAI_IITM,"Malad West, Mumbai - IITM",19.19709,72.82204,2025-11-09 00:00,41.93
MALAD_WEST_MUMBAI_IITM,"Malad West, Mumbai - IITM",19.19709,72.82204,2025-11-10 00:00,68.42
MALAD_WEST_MUMBAI_IITM,"Malad West, Mumbai - IITM",19.19709,72.82204,2025-11-11 00:00,83.82
MALAD_WEST_MUMBAI_IITM,"Malad West, Mumbai - IITM",19.19709,72.82204,2025-11-12 00:00,63.9
MALAD_WEST_MUMBAI_IITM,"Malad West, Mumbai - IITM",19.19709,72.82204,2025-11-13 00:00,64.21
MALAD_WEST_MUMBAI_IITM,"Malad West, Mumbai - IITM",19.19709,72.82204,2025-11-14 00:00,65.38
MALAD_WEST_MUMBAI_IITM,"Malad West, Mumbai - IITM",19.19709,72.82204,2025-11-15 00:00,62.45
MALAD_WEST_MUMBAI_IITM,"Malad West, Mumbai - IITM",19.19709,72.82204,2025-11-16 00:00,52.63
MALAD_WEST_MUMBAI_IITM,"Malad West, Mumbai - IITM",19.19709,72.82204,2025-11-17 00:00,42.23
MALAD_WEST_MUMBAI_IITM,"Malad West, Mumbai - IITM",19.19709,72.82204,2025-11-18 00:00,50.61
MALAD_WEST_MUMBAI_IITM,"Malad West, Mumbai - IITM",19.19709,72.82204,2025-11-19 00:00,71.39
MALAD_WEST_MUMBAI_IITM,"Malad West, Mumbai - IITM",19.19709,72.82204,2025-11-20 00:00,79.44
MALAD_WEST_MUMBAI_IITM,"Malad West, Mumbai - IITM",19.19709,72.82204,2025-11-21 00:00,72.44
MALAD_WEST_MUMBAI_IITM,"Malad West, Mumbai - IITM",19.19709,72.82204,2025-11-22 00:00,83.95
MALAD_WEST_MUMBAI_IITM,"Malad West, Mumbai - IITM",19.19709,72.82204,2025-11-23 00:00,84.8
MALAD_WEST_MUMBAI_IITM,"Malad West, Mumbai - IITM",19.19709,72.82204,2025-11-24 00:00,66.0
MALAD_WEST_MUMBAI_IITM,"Malad West, Mumbai - IITM",19.19709,72.82204,2025-11-25 00:00,61.11
MALAD_WEST_MUMBAI_IITM,"Malad West, Mumbai - IITM",19.19709,72.82204,2025-11-26 00:00,66.66
MALAD_WEST_MUMBAI_IITM,"Malad West, Mumbai - IITM",19.19709,72.82204,2025-11-27 00:00,58.63
MALAD_WEST_MUMBAI_IITM,"Malad West, Mumbai - IITM",19.19709,72.82204,2025-11-28 00:00,53.94
MALAD_WEST_MUMBAI_IITM,"Malad West, Mumbai - IITM",19.19709,72.82204,2025-11-29 00:00,55.57
MALAD_WEST_MUMBAI_IITM,"Malad West, Mumbai - IITM",19.19709,72.82204,2025-11-30 00:00,58.1
MALAD_WEST_MUMBAI_IITM,"Malad West, Mumbai - IITM",19.19709,72.82204,2025-12-01 00:00,56.6
MALAD_WEST_MUMBAI_IITM,"Malad West, Mumbai - IITM",19.19709,72.82204,2025-12-02 00:00,70.75
MALAD_WEST_MUMBAI_IITM,"Malad West, Mumbai - IITM",19.19709,72.82204,2025-12-03 00:00,72.73
MALAD_WEST_MUMBAI_IITM,"Malad West, Mumbai - IITM",19.19709,72.82204,2025-12-04 00:00,56.34
MALAD_WEST_MUMBAI_IITM,"Malad West, Mumbai - IITM",19.19709,72.82204,2025-12-05 00:00,49.08
MALAD_WEST_MUMBAI_IITM,"Malad West, Mumbai - IITM",19.19709,72.82204,2025-12-06 00:00,33.21
MALAD_WEST_MUMBAI_IITM,"Malad West, Mumbai - IITM",19.19709,72.82204,2025-12-07 00:00,36.2
MALAD_WEST_MUMBAI_IITM,"Malad West, Mumbai - IITM",19.19709,72.82204,2025-12-08 00:00,53.64
MALAD_WEST_MUMBAI_IITM,"Malad West, Mumbai - IITM",19.19709,72.82204,2025-12-09 00:00,51.06
MALAD_WEST_MUMBAI_IITM,"Malad West, Mumbai - IITM",19.19709,72.82204,2025-12-10 00:00,50.17
MALAD_WEST_MUMBAI_IITM,"Malad West, Mumbai - IITM",19.19709,72.82204,2025-12-11 00:00,49.74
MALAD_WEST_MUMBAI_IITM,"Malad West, Mumbai - IITM",19.19709,72.82204,2025-12-12 00:00,50.9
MALAD_WEST_MUMBAI_IITM,"Malad West, Mumbai - IITM",19.19709,72.82204,2025-12-13 00:00,19.28
MALAD_WEST_MUMBAI_IITM,"Malad West, Mumbai - IITM",19.19709,72.82204,2025-12-14 00:00,19.5
MALAD_WEST_MUMBAI_IITM,"Malad West, Mumbai - IITM",19.19709,72.82204,2025-12-15 00:00,29.25
MALAD_WEST_MUMBAI_IITM,"Malad West, Mumbai - IITM",19.19709,72.82204,2025-12-16 00:00,48.09
MALAD_WEST_MUMBAI_IITM,"Malad West, Mumbai - IITM",19.19709,72.82204,2025-12-17 00:00,65.68
MALAD_WEST_MUMBAI_IITM,"Malad West, Mumbai - IITM",19.19709,72.82204,2025-12-18 00:00,63.87
MALAD_WEST_MUMBAI_IITM,"Malad West, Mumbai - IITM",19.19709,72.82204,2025-12-19 00:00,63.4
MALAD_WEST_MUMBAI_IITM,"Malad West, Mumbai - IITM",19.19709,72.82204,2025-12-20 00:00,59.7
MALAD_WEST_MUMBAI_IITM,"Malad West, Mumbai - IITM",19.19709,72.82204,2025-12-21 00:00,60.99
MALAD_WEST_MUMBAI_IITM,"Malad West, Mumbai - IITM",19.19709,72.82204,2025-12-22 00:00,61.61
MALAD_WEST_MUMBAI_IITM,"Malad West, Mumbai - IITM",19.19709,72.82204,2025-12-23 00:00,60.69
MALAD_WEST_MUMBAI_IITM,"Malad West, Mumbai - IITM",19.19709,72.82204,2025-12-24 00:00,45.4
MALAD_WEST_MUMBAI_IITM,"Malad West, Mumbai - IITM",19.19709,72.82204,2025-12-25 00:00,54.23
MALAD_WEST_MUMBAI_IITM,"Malad West, Mumbai - IITM",19.19709,72.82204,2025-12-26 00:00,55.34
MALAD_WEST_MUMBAI_IITM,"Malad West, Mumbai - IITM",19.19709,72.82204,2025-12-27 00:00,24.66
MALAD_WEST_MUMBAI_IITM,"Malad West, Mumbai - IITM",19.19709,72.82204,2025-12-28 00:00,47.62
MALAD_WEST_MUMBAI_IITM,"Malad West, Mumbai - IITM",19.19709,72.82204,2025-12-29 00:00,58.43
MALAD_WEST_MUMBAI_IITM,"Malad West, Mumbai - IITM",19.19709,72.82204,2025-12-30 00:00,63.97
MALAD_WEST_MUMBAI_IITM,"Malad West, Mumbai - IITM",19.19709,72.82204,2025-12-31 00:00,52.5
MAZGAON_MUMBAI_IITM,"Mazgaon, Mumbai - IITM",18.96702,72.84214,2025-11-01 00:00,32.46
MAZGAON_MUMBAI_IITM,"Mazgaon, Mumbai - IITM",18.96702,72.84214,2025-11-02 00:00,30.76
MAZGAON_MUMBAI_IITM,"Mazgaon, Mumbai - IITM",18.96702,72.84214,2025-11-03 00:00,34.52
MAZGAON_MUMBAI_IITM,"Mazgaon, Mumbai - IITM",18.96702,72.84214,2025-11-05 00:00,42.17
MAZGAON_MUMBAI_IITM,"Mazgaon, Mumbai - IITM",18.96702,72.84214,2025-11-06 00:00,36.13
MAZGAON_MUMBAI_IITM,"Mazgaon, Mumbai - IITM",18.96702,72.84214,2025-11-07 00:00,50.41
MAZGAON_MUMBAI_IITM,"Mazgaon, Mumbai - IITM",18.96702,72.84214,2025-11-08 00:00,55.41
MAZGAON_MUMBAI_IITM,"Mazgaon, Mumbai - IITM",18.96702,72.84214,2025-11-09 00:00,59.77
MAZGAON_MUMBAI_IITM,"Mazgaon, Mumbai - IITM",18.96702,72.84214,2025-11-10 00:00,69.37
MAZGAON_MUMBAI_IITM,"Mazgaon, Mumbai - IITM",18.96702,72.84214,2025-11-11 00:00,58.77
MAZGAON_MUMBAI_IITM,"Mazgaon, Mumbai - IITM",18.96702,72.84214,2025-11-12 00:00,69.95
MAZGAON_MUMBAI_IITM,"Mazgaon, Mumbai - IITM",18.96702,72.84214,2025-11-13 00:00,71.08
MAZGAON_MUMBAI_IITM,"Mazgaon, Mumbai - IITM",18.96702,72.84214,2025-11-14 00:00,74.98
MAZGAON_MUMBAI_IITM,"Mazgaon, Mumbai - IITM",18.96702,72.84214,2025-11-15 00:00,80.68
MAZGAON_MUMBAI_IITM,"Mazgaon, Mumbai - IITM",18.96702,72.84214,2025-11-16 00:00,67.92
MAZGAON_MUMBAI_IITM,"Mazgaon, Mumbai - IITM",18.96702,72.84214,2025-11-17 00:00,54.49
MAZGAON_MUMBAI_IITM,"Mazgaon, Mumbai - IITM",18.96702,72.84214,2025-11-18 00:00,63.43
MAZGAON_MUMBAI_IITM,"Mazgaon, Mumbai - IITM",18.96702,72.84214,2025-11-19 00:00,78.52
MAZGAON_MUMBAI_IITM,"Mazgaon, Mumbai - IITM",18.96702,72.84214,2025-11-20 00:00,88.04
MAZGAON_MUMBAI_IITM,"Mazgaon, Mumbai - IITM",18.96702,72.84214,2025-11-21 00:00,82.76
MAZGAON_MUMBAI_IITM,"Mazgaon, Mumbai - IITM",18.96702,72.84214,2025-11-22 00:00,93.24
MAZGAON_MUMBAI_IITM,"Mazgaon, Mumbai - IITM",18.96702,72.84214,2025-11-23 00:00,83.71
MAZGAON_MUMBAI_IITM,"Mazgaon, Mumbai - IITM",18.96702,72.84214,2025-11-24 00:00,81.36
MAZGAON_MUMBAI_IITM,"Mazgaon, Mumbai - IITM",18.96702,72.84214,2025-11-25 00:00,84.54
MAZGAON_MUMBAI_IITM,"Mazgaon, Mumbai - IITM",18.96702,72.84214,2025-11-26 00:00,78.82
MAZGAON_MUMBAI_IITM,"Mazgaon, Mumbai - IITM",18.96702,72.84214,2025-11-27 00:00,68.25
MAZGAON_MUMBAI_IITM,"Mazgaon, Mumbai - IITM",18.96702,72.84214,2025-11-28 00:00,78.12
MAZGAON_MUMBAI_IITM,"Mazgaon, Mumbai - IITM",18.96702,72.84214,2025-11-29 00:00,69.0
MAZGAON_MUMBAI_IITM,"Mazgaon, Mumbai - IITM",18.96702,72.84214,2025-11-30 00:00,63.06
MAZGAON_MUMBAI_IITM,"Mazgaon, Mumbai - IITM",18.96702,72.84214,2025-12-01 00:00,61.34
MAZGAON_MUMBAI_IITM,"Mazgaon, Mumbai - IITM",18.96702,72.84214,2025-12-02 00:00,68.67
MAZGAON_MUMBAI_IITM,"Mazgaon, Mumbai - IITM",18.96702,72.84214,2025-12-03 00:00,62.93
MAZGAON_MUMBAI_IITM,"Mazgaon, Mumbai - IITM",18.96702,72.84214,2025-12-04 00:00,68.16
MAZGAON_MUMBAI_IITM,"Mazgaon, Mumbai - IITM",18.96702,72.84214,2025-12-06 00:00,53.97
MAZGAON_MUMBAI_IITM,"Mazgaon, Mumbai - IITM",18.96702,72.84214,2025-12-07 00:00,60.67
MAZGAON_MUMBAI_IITM,"Mazgaon, Mumbai - IITM",18.96702,72.84214,2025-12-08 00:00,72.3
MAZGAON_MUMBAI_IITM,"Mazgaon, Mumbai - IITM",18.96702,72.84214,2025-12-09 00:00,68.75
MAZGAON_MUMBAI_IITM,"Mazgaon, Mumbai - IITM",18.96702,72.84214,2025-12-10 00:00,75.36
MAZGAON_MUMBAI_IITM,"Mazgaon, Mumbai - IITM",18.96702,72.84214,2025-12-11 00:00,60.23
MAZGAON_MUMBAI_IITM,"Mazgaon, Mumbai - IITM",18.96702,72.84214,2025-12-12 00:00,70.28
MAZGAON_MUMBAI_IITM,"Mazgaon, Mumbai - IITM",18.96702,72.84214,2025-12-13 00:00,70.28
MAZGAON_MUMBAI_IITM,"Mazgaon, Mumbai - IITM",18.96702,72.84214,2025-12-14 00:00,54.69
MAZGAON_MUMBAI_IITM,"Mazgaon, Mumbai - IITM",18.96702,72.84214,2025-12-15 00:00,68.54
MAZGAON_MUMBAI_IITM,"Mazgaon, Mumbai - IITM",18.96702,72.84214,2025-12-16 00:00,62.33
MAZGAON_MUMBAI_IITM,"Mazgaon, Mumbai - IITM",18.96702,72.84214,2025-12-17 00:00,78.0
MAZGAON_MUMBAI_IITM,"Mazgaon, Mumbai - IITM",18.96702,72.84214,2025-12-18 00:00,73.97
MAZGAON_MUMBAI_IITM,"Mazgaon, Mumbai - IITM",18.96702,72.84214,2025-12-19 00:00,66.05
MAZGAON_MUMBAI_IITM,"Mazgaon, Mumbai - IITM",18.96702,72.84214,2025-12-20 00:00,74.4
MAZGAON_MUMBAI_IITM,"Mazgaon, Mumbai - IITM",18.96702,72.84214,2025-12-21 00:00,63.8
MAZGAON_MUMBAI_IITM,"Mazgaon, Mumbai - IITM",18.96702,72.84214,2025-12-22 00:00,68.11
MAZGAON_MUMBAI_IITM,"Mazgaon, Mumbai - IITM",18.96702,72.84214,2025-12-23 00:00,66.16
MAZGAON_MUMBAI_IITM,"Mazgaon, Mumbai - IITM",18.96702,72.84214,2025-12-24 00:00,59.8
MAZGAON_MUMBAI_IITM,"Mazgaon, Mumbai - IITM",18.96702,72.84214,2025-12-25 00:00,62.2
MAZGAON_MUMBAI_IITM,"Mazgaon, Mumbai - IITM",18.96702,72.84214,2025-12-26 00:00,63.17
MAZGAON_MUMBAI_IITM,"Mazgaon, Mumbai - IITM",18.96702,72.84214,2025-12-27 00:00,62.13
MAZGAON_MUMBAI_IITM,"Mazgaon, Mumbai - IITM",18.96702,72.84214,2025-12-28 00:00,59.55
MAZGAON_MUMBAI_IITM,"Mazgaon, Mumbai - IITM",18.96702,72.84214,2025-12-29 00:00,62.95
MAZGAON_MUMBAI_IITM,"Mazgaon, Mumbai - IITM",18.96702,72.84214,2025-12-30 00:00,60.1
MAZGAON_MUMBAI_IITM,"Mazgaon, Mumbai - IITM",18.96702,72.84214,2025-12-31 00:00,56.81
MINDSPACE_MALAD_WEST_MUMBAI_MPCB,"Mindspace-Malad West, Mumbai - MPCB",19.1878657,72.8304069,2025-11-01 00:00,17.87
MINDSPACE_MALAD_WEST_MUMBAI_MPCB,"Mindspace-Malad West, Mumbai - MPCB",19.1878657,72.8304069,2025-11-02 00:00,22.27
MINDSPACE_MALAD_WEST_MUMBAI_MPCB,"Mindspace-Malad West, Mumbai - MPCB",19.1878657,72.8304069,2025-11-03 00:00,18.1
MINDSPACE_MALAD_WEST_MUMBAI_MPCB,"Mindspace-Malad West, Mumbai - MPCB",19.1878657,72.8304069,2025-11-04 00:00,16.09
MINDSPACE_MALAD_WEST_MUMBAI_MPCB,"Mindspace-Malad West, Mumbai - MPCB",19.1878657,72.8304069,2025-11-05 00:00,16.53
MINDSPACE_MALAD_WEST_MUMBAI_MPCB,"Mindspace-Malad West, Mumbai - MPCB",19.1878657,72.8304069,2025-11-06 00:00,17.53
MINDSPACE_MALAD_WEST_MUMBAI_MPCB,"Mindspace-Malad West, Mumbai - MPCB",19.1878657,72.8304069,2025-11-07 00:00,29.07
MINDSPACE_MALAD_WEST_MUMBAI_MPCB,"Mindspace-Malad West, Mumbai - MPCB",19.1878657,72.8304069,2025-11-08 00:00,27.9
MINDSPACE_MALAD_WEST_MUMBAI_MPCB,"Mindspace-Malad West, Mumbai - MPCB",19.1878657,72.8304069,2025-11-09 00:00,27.85
MINDSPACE_MALAD_WEST_MUMBAI_MPCB,"Mindspace-Malad West, Mumbai - MPCB",19.1878657,72.8304069,2025-11-10 00:00,39.04
MINDSPACE_MALAD_WEST_MUMBAI_MPCB,"Mindspace-Malad West, Mumbai - MPCB",19.1878657,72.8304069,2025-11-11 00:00,37.24
MINDSPACE_MALAD_WEST_MUMBAI_MPCB,"Mindspace-Malad West, Mumbai - MPCB",19.1878657,72.8304069,2025-11-12 00:00,36.69
MINDSPACE_MALAD_WEST_MUMBAI_MPCB,"Mindspace-Malad West, Mumbai - MPCB",19.1878657,72.8304069,2025-11-13 00:00,39.55
MINDSPACE_MALAD_WEST_MUMBAI_MPCB,"Mindspace-Malad West, Mumbai - MPCB",19.1878657,72.8304069,2025-11-14 00:00,52.15
MINDSPACE_MALAD_WEST_MUMBAI_MPCB,"Mindspace-Malad West, Mumbai - MPCB",19.1878657,72.8304069,2025-11-15 00:00,54.82
MINDSPACE_MALAD_WEST_MUMBAI_MPCB,"Mindspace-Malad West, Mumbai - MPCB",19.1878657,72.8304069,2025-11-16 00:00,46.17
MINDSPACE_MALAD_WEST_MUMBAI_MPCB,"Mindspace-Malad West, Mumbai - MPCB",19.1878657,72.8304069,2025-11-17 00:00,32.22
MINDSPACE_MALAD_WEST_MUMBAI_MPCB,"Mindspace-Malad West, Mumbai - MPCB",19.1878657,72.8304069,2025-11-18 00:00,47.29
MINDSPACE_MALAD_WEST_MUMBAI_MPCB,"Mindspace-Malad West, Mumbai - MPCB",19.1878657,72.8304069,2025-11-19 00:00,56.08
MINDSPACE_MALAD_WEST_MUMBAI_MPCB,"Mindspace-Malad West, Mumbai - MPCB",19.1878657,72.8304069,2025-11-20 00:00,64.6
MINDSPACE_MALAD_WEST_MUMBAI_MPCB,"Mindspace-Malad West, Mumbai - MPCB",19.1878657,72.8304069,2025-11-21 00:00,49.69
MINDSPACE_MALAD_WEST_MUMBAI_MPCB,"Mindspace-Malad West, Mumbai - MPCB",19.1878657,72.8304069,2025-11-22 00:00,65.34
MINDSPACE_MALAD_WEST_MUMBAI_MPCB,"Mindspace-Malad West, Mumbai - MPCB",19.1878657,72.8304069,2025-11-23 00:00,61.33
MINDSPACE_MALAD_WEST_MUMBAI_MPCB,"Mindspace-Malad West, Mumbai - MPCB",19.1878657,72.8304069,2025-11-24 00:00,59.76
MINDSPACE_MALAD_WEST_MUMBAI_MPCB,"Mindspace-Malad West, Mumbai - MPCB",19.1878657,72.8304069,2025-11-25 00:00,55.2
MINDSPACE_MALAD_WEST_MUMBAI_MPCB,"Mindspace-Malad West, Mumbai - MPCB",19.1878657,72.8304069,2025-11-26 00:00,58.37
MINDSPACE_MALAD_WEST_MUMBAI_MPCB,"Mindspace-Malad West, Mumbai - MPCB",19.1878657,72.8304069,2025-11-27 00:00,44.26
MINDSPACE_MALAD_WEST_MUMBAI_MPCB,"Mindspace-Malad West, Mumbai - MPCB",19.1878657,72.8304069,2025-11-28 00:00,49.12
MINDSPACE_MALAD_WEST_MUMBAI_MPCB,"Mindspace-Malad West, Mumbai - MPCB",19.1878657,72.8304069,2025-11-29 00:00,40.31
MINDSPACE_MALAD_WEST_MUMBAI_MPCB,"Mindspace-Malad West, Mumbai - MPCB",19.1878657,72.8304069,2025-11-30 00:00,52.2
MINDSPACE_MALAD_WEST_MUMBAI_MPCB,"Mindspace-Malad West, Mumbai - MPCB",19.1878657,72.8304069,2025-12-01 00:00,50.13
MINDSPACE_MALAD_WEST_MUMBAI_MPCB,"Mindspace-Malad West, Mumbai - MPCB",19.1878657,72.8304069,2025-12-02 00:00,66.46
MINDSPACE_MALAD_WEST_MUMBAI_MPCB,"Mindspace-Malad West, Mumbai - MPCB",19.1878657,72.8304069,2025-12-03 00:00,56.91
MINDSPACE_MALAD_WEST_MUMBAI_MPCB,"Mindspace-Malad West, Mumbai - MPCB",19.1878657,72.8304069,2025-12-04 00:00,53.9
MINDSPACE_MALAD_WEST_MUMBAI_MPCB,"Mindspace-Malad West, Mumbai - MPCB",19.1878657,72.8304069,2025-12-05 00:00,43.47
MINDSPACE_MALAD_WEST_MUMBAI_MPCB,"Mindspace-Malad West, Mumbai - MPCB",19.1878657,72.8304069,2025-12-06 00:00,26.86
MINDSPACE_MALAD_WEST_MUMBAI_MPCB,"Mindspace-Malad West, Mumbai - MPCB",19.1878657,72.8304069,2025-12-07 00:00,31.44
MINDSPACE_MALAD_WEST_MUMBAI_MPCB,"Mindspace-Malad West, Mumbai - MPCB",19.1878657,72.8304069,2025-12-08 00:00,51.87
MINDSPACE_MALAD_WEST_MUMBAI_MPCB,"Mindspace-Malad West, Mumbai - MPCB",19.1878657,72.8304069,2025-12-09 00:00,49.09
MINDSPACE_MALAD_WEST_MUMBAI_MPCB,"Mindspace-Malad West, Mumbai - MPCB",19.1878657,72.8304069,2025-12-10 00:00,42.71
MINDSPACE_MALAD_WEST_MUMBAI_MPCB,"Mindspace-Malad West, Mumbai - MPCB",19.1878657,72.8304069,2025-12-11 00:00,37.08
MINDSPACE_MALAD_WEST_MUMBAI_MPCB,"Mindspace-Malad West, Mumbai - MPCB",19.1878657,72.8304069,2025-12-12 00:00,45.41
MINDSPACE_MALAD_WEST_MUMBAI_MPCB,"Mindspace-Malad West, Mumbai - MPCB",19.1878657,72.8304069,2025-12-13 00:00,52.05
MINDSPACE_MALAD_WEST_MUMBAI_MPCB,"Mindspace-Malad West, Mumbai - MPCB",19.1878657,72.8304069,2025-12-14 00:00,39.95
MINDSPACE_MALAD_WEST_MUMBAI_MPCB,"Mindspace-Malad West, Mumbai - MPCB",19.1878657,72.8304069,2025-12-15 00:00,42.17
MINDSPACE_MALAD_WEST_MUMBAI_MPCB,"Mindspace-Malad West, Mumbai - MPCB",19.1878657,72.8304069,2025-12-16 00:00,34.07
MINDSPACE_MALAD_WEST_MUMBAI_MPCB,"Mindspace-Malad West, Mumbai - MPCB",19.1878657,72.8304069,2025-12-17 00:00,46.82
MINDSPACE_MALAD_WEST_MUMBAI_MPCB,"Mindspace-Malad West, Mumbai - MPCB",19.1878657,72.8304069,2025-12-18 00:00,44.25
MINDSPACE_MALAD_WEST_MUMBAI_MPCB,"Mindspace-Malad West, Mumbai - MPCB",19.1878657,72.8304069,2025-12-19 00:00,42.61
MINDSPACE_MALAD_WEST_MUMBAI_MPCB,"Mindspace-Malad West, Mumbai - MPCB",19.1878657,72.8304069,2025-12-20 00:00,35.66
MINDSPACE_MALAD_WEST_MUMBAI_MPCB,"Mindspace-Malad West, Mumbai - MPCB",19.1878657,72.8304069,2025-12-21 00:00,33.85
MINDSPACE_MALAD_WEST_MUMBAI_MPCB,"Mindspace-Malad West, Mumbai - MPCB",19.1878657,72.8304069,2025-12-22 00:00,41.81
MINDSPACE_MALAD_WEST_MUMBAI_MPCB,"Mindspace-Malad West, Mumbai - MPCB",19.1878657,72.8304069,2025-12-23 00:00,32.13
MINDSPACE_MALAD_WEST_MUMBAI_MPCB,"Mindspace-Malad West, Mumbai - MPCB",19.1878657,72.8304069,2025-12-24 00:00,28.6
MINDSPACE_MALAD_WEST_MUMBAI_MPCB,"Mindspace-Malad West, Mumbai - MPCB",19.1878657,72.8304069,2025-12-25 00:00,33.77
MINDSPACE_MALAD_WEST_MUMBAI_MPCB,"Mindspace-Malad West, Mumbai - MPCB",19.1878657,72.8304069,2025-12-26 00:00,40.19
MINDSPACE_MALAD_WEST_MUMBAI_MPCB,"Mindspace-Malad West, Mumbai - MPCB",19.1878657,72.8304069,2025-12-27 00:00,41.66
MINDSPACE_MALAD_WEST_MUMBAI_MPCB,"Mindspace-Malad West, Mumbai - MPCB",19.1878657,72.8304069,2025-12-28 00:00,41.66
MINDSPACE_MALAD_WEST_MUMBAI_MPCB,"Mindspace-Malad West, Mumbai - MPCB",19.1878657,72.8304069,2025-12-29 00:00,41.18
MINDSPACE_MALAD_WEST_MUMBAI_MPCB,"Mindspace-Malad West, Mumbai - MPCB",19.1878657,72.8304069,2025-12-30 00:00,40.09
MINDSPACE_MALAD_WEST_MUMBAI_MPCB,"Mindspace-Malad West, Mumbai - MPCB",19.1878657,72.8304069,2025-12-31 00:00,32.44
MULUND_WEST_MUMBAI_MPCB,"Mulund West, Mumbai - MPCB",19.175,72.9419,2025-11-01 00:00,11.08
MULUND_WEST_MUMBAI_MPCB,"Mulund West, Mumbai - MPCB",19.175,72.9419,2025-11-02 00:00,10.95
MULUND_WEST_MUMBAI_MPCB,"Mulund West, Mumbai - MPCB",19.175,72.9419,2025-11-03 00:00,11.63
MULUND_WEST_MUMBAI_MPCB,"Mulund West, Mumbai - MPCB",19.175,72.9419,2025-11-04 00:00,11.25
MULUND_WEST_MUMBAI_MPCB,"Mulund West, Mumbai - MPCB",19.175,72.9419,2025-11-05 00:00,11.17
MULUND_WEST_MUMBAI_MPCB,"Mulund West, Mumbai - MPCB",19.175,72.9419,2025-11-06 00:00,11.39
MULUND_WEST_MUMBAI_MPCB,"Mulund West, Mumbai - MPCB",19.175,72.9419,2025-11-07 00:00,11.79
MULUND_WEST_MUMBAI_MPCB,"Mulund West, Mumbai - MPCB",19.175,72.9419,2025-11-08 00:00,12.02
MULUND_WEST_MUMBAI_MPCB,"Mulund West, Mumbai - MPCB",19.175,72.9419,2025-11-09 00:00,12.29
MULUND_WEST_MUMBAI_MPCB,"Mulund West, Mumbai - MPCB",19.175,72.9419,2025-11-10 00:00,13.02
MULUND_WEST_MUMBAI_MPCB,"Mulund West, Mumbai - MPCB",19.175,72.9419,2025-11-11 00:00,12.77
MULUND_WEST_MUMBAI_MPCB,"Mulund West, Mumbai - MPCB",19.175,72.9419,2025-11-12 00:00,12.36
MULUND_WEST_MUMBAI_MPCB,"Mulund West, Mumbai - MPCB",19.175,72.9419,2025-11-13 00:00,12.64
MULUND_WEST_MUMBAI_MPCB,"Mulund West, Mumbai - MPCB",19.175,72.9419,2025-11-14 00:00,12.75
MULUND_WEST_MUMBAI_MPCB,"Mulund West, Mumbai - MPCB",19.175,72.9419,2025-11-15 00:00,12.62
MULUND_WEST_MUMBAI_MPCB,"Mulund West, Mumbai - MPCB",19.175,72.9419,2025-11-16 00:00,12.68
MULUND_WEST_MUMBAI_MPCB,"Mulund West, Mumbai - MPCB",19.175,72.9419,2025-11-17 00:00,12.97
MULUND_WEST_MUMBAI_MPCB,"Mulund West, Mumbai - MPCB",19.175,72.9419,2025-11-18 00:00,13.41
MULUND_WEST_MUMBAI_MPCB,"Mulund West, Mumbai - MPCB",19.175,72.9419,2025-11-19 00:00,13.49
MULUND_WEST_MUMBAI_MPCB,"Mulund West, Mumbai - MPCB",19.175,72.9419,2025-11-20 00:00,13.64
MULUND_WEST_MUMBAI_MPCB,"Mulund West, Mumbai - MPCB",19.175,72.9419,2025-11-21 00:00,13.7
MULUND_WEST_MUMBAI_MPCB,"Mulund West, Mumbai - MPCB",19.175,72.9419,2025-11-22 00:00,13.58
MULUND_WEST_MUMBAI_MPCB,"Mulund West, Mumbai - MPCB",19.175,72.9419,2025-11-23 00:00,12.77
MULUND_WEST_MUMBAI_MPCB,"Mulund West, Mumbai - MPCB",19.175,72.9419,2025-11-24 00:00,12.51
MULUND_WEST_MUMBAI_MPCB,"Mulund West, Mumbai - MPCB",19.175,72.9419,2025-11-25 00:00,12.92
MULUND_WEST_MUMBAI_MPCB,"Mulund West, Mumbai - MPCB",19.175,72.9419,2025-11-26 00:00,12.66
MULUND_WEST_MUMBAI_MPCB,"Mulund West, Mumbai - MPCB",19.175,72.9419,2025-11-27 00:00,12.7
MULUND_WEST_MUMBAI_MPCB,"Mulund West, Mumbai - MPCB",19.175,72.9419,2025-11-28 00:00,12.42
MULUND_WEST_MUMBAI_MPCB,"Mulund West, Mumbai - MPCB",19.175,72.9419,2025-11-29 00:00,12.58
MULUND_WEST_MUMBAI_MPCB,"Mulund West, Mumbai - MPCB",19.175,72.9419,2025-11-30 00:00,13.03
MULUND_WEST_MUMBAI_MPCB,"Mulund West, Mumbai - MPCB",19.175,72.9419,2025-12-01 00:00,13.62
MULUND_WEST_MUMBAI_MPCB,"Mulund West, Mumbai - MPCB",19.175,72.9419,2025-12-02 00:00,13.52
MULUND_WEST_MUMBAI_MPCB,"Mulund West, Mumbai - MPCB",19.175,72.9419,2025-12-03 00:00,13.59
MULUND_WEST_MUMBAI_MPCB,"Mulund West, Mumbai - MPCB",19.175,72.9419,2025-12-04 00:00,13.61
MULUND_WEST_MUMBAI_MPCB,"Mulund West, Mumbai - MPCB",19.175,72.9419,2025-12-05 00:00,13.5
MULUND_WEST_MUMBAI_MPCB,"Mulund West, Mumbai - MPCB",19.175,72.9419,2025-12-06 00:00,13.28
MULUND_WEST_MUMBAI_MPCB,"Mulund West, Mumbai - MPCB",19.175,72.9419,2025-12-07 00:00,13.33
MULUND_WEST_MUMBAI_MPCB,"Mulund West, Mumbai - MPCB",19.175,72.9419,2025-12-08 00:00,13.15
MULUND_WEST_MUMBAI_MPCB,"Mulund West, Mumbai - MPCB",19.175,72.9419,2025-12-09 00:00,13.63
MULUND_WEST_MUMBAI_MPCB,"Mulund West, Mumbai - MPCB",19.175,72.9419,2025-12-10 00:00,13.98
MULUND_WEST_MUMBAI_MPCB,"Mulund West, Mumbai - MPCB",19.175,72.9419,2025-12-11 00:00,13.77
MULUND_WEST_MUMBAI_MPCB,"Mulund West, Mumbai - MPCB",19.175,72.9419,2025-12-12 00:00,14.42
MULUND_WEST_MUMBAI_MPCB,"Mulund West, Mumbai - MPCB",19.175,72.9419,2025-12-13 00:00,13.23
MULUND_WEST_MUMBAI_MPCB,"Mulund West, Mumbai - MPCB",19.175,72.9419,2025-12-14 00:00,12.71
MULUND_WEST_MUMBAI_MPCB,"Mulund West, Mumbai - MPCB",19.175,72.9419,2025-12-15 00:00,13.04
MULUND_WEST_MUMBAI_MPCB,"Mulund West, Mumbai - MPCB",19.175,72.9419,2025-12-16 00:00,12.87
MULUND_WEST_MUMBAI_MPCB,"Mulund West, Mumbai - MPCB",19.175,72.9419,2025-12-17 00:00,13.0
MULUND_WEST_MUMBAI_MPCB,"Mulund West, Mumbai - MPCB",19.175,72.9419,2025-12-18 00:00,13.25
MULUND_WEST_MUMBAI_MPCB,"Mulund West, Mumbai - MPCB",19.175,72.9419,2025-12-19 00:00,13.09
MULUND_WEST_MUMBAI_MPCB,"Mulund West, Mumbai - MPCB",19.175,72.9419,2025-12-20 00:00,12.74
MULUND_WEST_MUMBAI_MPCB,"Mulund West, Mumbai - MPCB",19.175,72.9419,2025-12-21 00:00,12.66
MULUND_WEST_MUMBAI_MPCB,"Mulund West, Mumbai - MPCB",19.175,72.9419,2025-12-22 00:00,13.08
MULUND_WEST_MUMBAI_MPCB,"Mulund West, Mumbai - MPCB",19.175,72.9419,2025-12-23 00:00,13.63
MULUND_WEST_MUMBAI_MPCB,"Mulund West, Mumbai - MPCB",19.175,72.9419,2025-12-24 00:00,12.96
MULUND_WEST_MUMBAI_MPCB,"Mulund West, Mumbai - MPCB",19.175,72.9419,2025-12-25 00:00,13.09
MULUND_WEST_MUMBAI_MPCB,"Mulund West, Mumbai - MPCB",19.175,72.9419,2025-12-26 00:00,13.83
MULUND_WEST_MUMBAI_MPCB,"Mulund West, Mumbai - MPCB",19.175,72.9419,2025-12-27 00:00,13.89
MULUND_WEST_MUMBAI_MPCB,"Mulund West, Mumbai - MPCB",19.175,72.9419,2025-12-28 00:00,12.35
MULUND_WEST_MUMBAI_MPCB,"Mulund West, Mumbai - MPCB",19.175,72.9419,2025-12-29 00:00,14.1
MULUND_WEST_MUMBAI_MPCB,"Mulund West, Mumbai - MPCB",19.175,72.9419,2025-12-30 00:00,14.56
MULUND_WEST_MUMBAI_MPCB,"Mulund West, Mumbai - MPCB",19.175,72.9419,2025-12-31 00:00,13.82
NAVY_NAGAR_COLABA_MUMBAI_IITM,"Navy Nagar-Colaba, Mumbai - IITM",18.897756,72.81332,2025-11-01 00:00,22.45
NAVY_NAGAR_COLABA_MUMBAI_IITM,"Navy Nagar-Colaba, Mumbai - IITM",18.897756,72.81332,2025-11-02 00:00,28.94
NAVY_NAGAR_COLABA_MUMBAI_IITM,"Navy Nagar-Colaba, Mumbai - IITM",18.897756,72.81332,2025-11-03 00:00,42.17
NAVY_NAGAR_COLABA_MUMBAI_IITM,"Navy Nagar-Colaba, Mumbai - IITM",18.897756,72.81332,2025-11-04 00:00,22.57
NAVY_NAGAR_COLABA_MUMBAI_IITM,"Navy Nagar-Colaba, Mumbai - IITM",18.897756,72.81332,2025-11-05 00:00,31.2
NAVY_NAGAR_COLABA_MUMBAI_IITM,"Navy Nagar-Colaba, Mumbai - IITM",18.897756,72.81332,2025-11-06 00:00,48.51
NAVY_NAGAR_COLABA_MUMBAI_IITM,"Navy Nagar-Colaba, Mumbai - IITM",18.897756,72.81332,2025-11-07 00:00,59.58
NAVY_NAGAR_COLABA_MUMBAI_IITM,"Navy Nagar-Colaba, Mumbai - IITM",18.897756,72.81332,2025-11-08 00:00,76.73
NAVY_NAGAR_COLABA_MUMBAI_IITM,"Navy Nagar-Colaba, Mumbai - IITM",18.897756,72.81332,2025-11-09 00:00,76.26
NAVY_NAGAR_COLABA_MUMBAI_IITM,"Navy Nagar-Colaba, Mumbai - IITM",18.897756,72.81332,2025-11-10 00:00,66.46
NAVY_NAGAR_COLABA_MUMBAI_IITM,"Navy Nagar-Colaba, Mumbai - IITM",18.897756,72.81332,2025-11-11 00:00,86.34
NAVY_NAGAR_COLABA_MUMBAI_IITM,"Navy Nagar-Colaba, Mumbai - IITM",18.897756,72.81332,2025-11-12 00:00,72.59
NAVY_NAGAR_COLABA_MUMBAI_IITM,"Navy Nagar-Colaba, Mumbai - IITM",18.897756,72.81332,2025-11-13 00:00,71.58
NAVY_NAGAR_COLABA_MUMBAI_IITM,"Navy Nagar-Colaba, Mumbai - IITM",18.897756,72.81332,2025-11-14 00:00,77.04
NAVY_NAGAR_COLABA_MUMBAI_IITM,"Navy Nagar-Colaba, Mumbai - IITM",18.897756,72.81332,2025-11-15 00:00,78.48
NAVY_NAGAR_COLABA_MUMBAI_IITM,"Navy Nagar-Colaba, Mumbai - IITM",18.897756,72.81332,2025-11-16 00:00,84.81
NAVY_NAGAR_COLABA_MUMBAI_IITM,"Navy Nagar-Colaba, Mumbai - IITM",18.897756,72.81332,2025-11-17 00:00,59.84
NAVY_NAGAR_COLABA_MUMBAI_IITM,"Navy Nagar-Colaba, Mumbai - IITM",18.897756,72.81332,2025-11-18 00:00,75.21
NAVY_NAGAR_COLABA_MUMBAI_IITM,"Navy Nagar-Colaba, Mumbai - IITM",18.897756,72.81332,2025-11-19 00:00,100.02
NAVY_NAGAR_COLABA_MUMBAI_IITM,"Navy Nagar-Colaba, Mumbai - IITM",18.897756,72.81332,2025-11-20 00:00,75.83
NAVY_NAGAR_COLABA_MUMBAI_IITM,"Navy Nagar-Colaba, Mumbai - IITM",18.897756,72.81332,2025-11-21 00:00,96.69
NAVY_NAGAR_COLABA_MUMBAI_IITM,"Navy Nagar-Colaba, Mumbai - IITM",18.897756,72.81332,2025-11-22 00:00,105.1
NAVY_NAGAR_COLABA_MUMBAI_IITM,"Navy Nagar-Colaba, Mumbai - IITM",18.897756,72.81332,2025-11-23 00:00,95.68
NAVY_NAGAR_COLABA_MUMBAI_IITM,"Navy Nagar-Colaba, Mumbai - IITM",18.897756,72.81332,2025-11-24 00:00,69.95
NAVY_NAGAR_COLABA_MUMBAI_IITM,"Navy Nagar-Colaba, Mumbai - IITM",18.897756,72.81332,2025-11-25 00:00,73.81
NAVY_NAGAR_COLABA_MUMBAI_IITM,"Navy Nagar-Colaba, Mumbai - IITM",18.897756,72.81332,2025-11-26 00:00,62.55
NAVY_NAGAR_COLABA_MUMBAI_IITM,"Navy Nagar-Colaba, Mumbai - IITM",18.897756,72.81332,2025-11-27 00:00,65.8
NAVY_NAGAR_COLABA_MUMBAI_IITM,"Navy Nagar-Colaba, Mumbai - IITM",18.897756,72.81332,2025-11-28 00:00,80.24
NAVY_NAGAR_COLABA_MUMBAI_IITM,"Navy Nagar-Colaba, Mumbai - IITM",18.897756,72.81332,2025-11-29 00:00,76.97
NAVY_NAGAR_COLABA_MUMBAI_IITM,"Navy Nagar-Colaba, Mumbai - IITM",18.897756,72.81332,2025-11-30 00:00,82.48
NAVY_NAGAR_COLABA_MUMBAI_IITM,"Navy Nagar-Colaba, Mumbai - IITM",18.897756,72.81332,2025-12-01 00:00,119.37
NAVY_NAGAR_COLABA_MUMBAI_IITM,"Navy Nagar-Colaba, Mumbai - IITM",18.897756,72.81332,2025-12-02 00:00,25.66
NAVY_NAGAR_COLABA_MUMBAI_IITM,"Navy Nagar-Colaba, Mumbai - IITM",18.897756,72.81332,2025-12-03 00:00,92.58
NAVY_NAGAR_COLABA_MUMBAI_IITM,"Navy Nagar-Colaba, Mumbai - IITM",18.897756,72.81332,2025-12-04 00:00,81.16
NAVY_NAGAR_COLABA_MUMBAI_IITM,"Navy Nagar-Colaba, Mumbai - IITM",18.897756,72.81332,2025-12-05 00:00,82.3
NAVY_NAGAR_COLABA_MUMBAI_IITM,"Navy Nagar-Colaba, Mumbai - IITM",18.897756,72.81332,2025-12-06 00:00,74.73
NAVY_NAGAR_COLABA_MUMBAI_IITM,"Navy Nagar-Colaba, Mumbai - IITM",18.897756,72.81332,2025-12-07 00:00,77.93
NAVY_NAGAR_COLABA_MUMBAI_IITM,"Navy Nagar-Colaba, Mumbai - IITM",18.897756,72.81332,2025-12-08 00:00,89.14
NAVY_NAGAR_COLABA_MUMBAI_IITM,"Navy Nagar-Colaba, Mumbai - IITM",18.897756,72.81332,2025-12-09 00:00,102.93
NAVY_NAGAR_COLABA_MUMBAI_IITM,"Navy Nagar-Colaba, Mumbai - IITM",18.897756,72.81332,2025-12-10 00:00,101.36
NAVY_NAGAR_COLABA_MUMBAI_IITM,"Navy Nagar-Colaba, Mumbai - IITM",18.897756,72.81332,2025-12-11 00:00,102.09
NAVY_NAGAR_COLABA_MUMBAI_IITM,"Navy Nagar-Colaba, Mumbai - IITM",18.897756,72.81332,2025-12-12 00:00,91.92
NAVY_NAGAR_COLABA_MUMBAI_IITM,"Navy Nagar-Colaba, Mumbai - IITM",18.897756,72.81332,2025-12-13 00:00,92.23
NAVY_NAGAR_COLABA_MUMBAI_IITM,"Navy Nagar-Colaba, Mumbai - IITM",18.897756,72.81332,2025-12-14 00:00,57.77
NAVY_NAGAR_COLABA_MUMBAI_IITM,"Navy Nagar-Colaba, Mumbai - IITM",18.897756,72.81332,2025-12-15 00:00,92.67
NAVY_NAGAR_COLABA_MUMBAI_IITM,"Navy Nagar-Colaba, Mumbai - IITM",18.897756,72.81332,2025-12-16 00:00,82.96
NAVY_NAGAR_COLABA_MUMBAI_IITM,"Navy Nagar-Colaba, Mumbai - IITM",18.897756,72.81332,2025-12-17 00:00,81.89
NAVY_NAGAR_COLABA_MUMBAI_IITM,"Navy Nagar-Colaba, Mumbai - IITM",18.897756,72.81332,2025-12-18 00:00,90.32
NAVY_NAGAR_COLABA_MUMBAI_IITM,"Navy Nagar-Colaba, Mumbai - IITM",18.897756,72.81332,2025-12-19 00:00,92.85
NAVY_NAGAR_COLABA_MUMBAI_IITM,"Navy Nagar-Colaba, Mumbai - IITM",18.897756,72.81332,2025-12-20 00:00,101.39
NAVY_NAGAR_COLABA_MUMBAI_IITM,"Navy Nagar-Colaba, Mumbai - IITM",18.897756,72.81332,2025-12-21 00:00,94.91
NAVY_NAGAR_COLABA_MUMBAI_IITM,"Navy Nagar-Colaba, Mumbai - IITM",18.897756,72.81332,2025-12-22 00:00,99.41
NAVY_NAGAR_COLABA_MUMBAI_IITM,"Navy Nagar-Colaba, Mumbai - IITM",18.897756,72.81332,2025-12-23 00:00,86.52
NAVY_NAGAR_COLABA_MUMBAI_IITM,"Navy Nagar-Colaba, Mumbai - IITM",18.897756,72.81332,2025-12-24 00:00,96.96
NAVY_NAGAR_COLABA_MUMBAI_IITM,"Navy Nagar-Colaba, Mumbai - IITM",18.897756,72.81332,2025-12-25 00:00,98.88
NAVY_NAGAR_COLABA_MUMBAI_IITM,"Navy Nagar-Colaba, Mumbai - IITM",18.897756,72.81332,2025-12-26 00:00,88.08
NAVY_NAGAR_COLABA_MUMBAI_IITM,"Navy Nagar-Colaba, Mumbai - IITM",18.897756,72.81332,2025-12-27 00:00,77.22
NAVY_NAGAR_COLABA_MUMBAI_IITM,"Navy Nagar-Colaba, Mumbai - IITM",18.897756,72.81332,2025-12-28 00:00,95.06
NAVY_NAGAR_COLABA_MUMBAI_IITM,"Navy Nagar-Colaba, Mumbai - IITM",18.897756,72.81332,2025-12-29 00:00,78.98
NAVY_NAGAR_COLABA_MUMBAI_IITM,"Navy Nagar-Colaba, Mumbai - IITM",18.897756,72.81332,2025-12-30 00:00,67.39
NAVY_NAGAR_COLABA_MUMBAI_IITM,"Navy Nagar-Colaba, Mumbai - IITM",18.897756,72.81332,2025-12-31 00:00,56.46
POWAI_MUMBAI_MPCB,"Powai, Mumbai - MPCB",19.1375,72.915056,2025-11-01 00:00,6.01
POWAI_MUMBAI_MPCB,"Powai, Mumbai - MPCB",19.1375,72.915056,2025-11-02 00:00,5.99
POWAI_MUMBAI_MPCB,"Powai, Mumbai - MPCB",19.1375,72.915056,2025-11-03 00:00,6.03
POWAI_MUMBAI_MPCB,"Powai, Mumbai - MPCB",19.1375,72.915056,2025-11-04 00:00,6.05
POWAI_MUMBAI_MPCB,"Powai, Mumbai - MPCB",19.1375,72.915056,2025-11-05 00:00,6.07
POWAI_MUMBAI_MPCB,"Powai, Mumbai - MPCB",19.1375,72.915056,2025-11-06 00:00,5.99
POWAI_MUMBAI_MPCB,"Powai, Mumbai - MPCB",19.1375,72.915056,2025-11-07 00:00,6.0
POWAI_MUMBAI_MPCB,"Powai, Mumbai - MPCB",19.1375,72.915056,2025-11-08 00:00,6.02
POWAI_MUMBAI_MPCB,"Powai, Mumbai - MPCB",19.1375,72.915056,2025-11-09 00:00,6.07
POWAI_MUMBAI_MPCB,"Powai, Mumbai - MPCB",19.1375,72.915056,2025-11-10 00:00,6.06
POWAI_MUMBAI_MPCB,"Powai, Mumbai - MPCB",19.1375,72.915056,2025-11-11 00:00,6.03
POWAI_MUMBAI_MPCB,"Powai, Mumbai - MPCB",19.1375,72.915056,2025-11-12 00:00,6.13
POWAI_MUMBAI_MPCB,"Powai, Mumbai - MPCB",19.1375,72.915056,2025-11-13 00:00,6.12
POWAI_MUMBAI_MPCB,"Powai, Mumbai - MPCB",19.1375,72.915056,2025-11-14 00:00,6.05
POWAI_MUMBAI_MPCB,"Powai, Mumbai - MPCB",19.1375,72.915056,2025-11-15 00:00,6.08
POWAI_MUMBAI_MPCB,"Powai, Mumbai - MPCB",19.1375,72.915056,2025-11-16 00:00,6.05
POWAI_MUMBAI_MPCB,"Powai, Mumbai - MPCB",19.1375,72.915056,2025-11-17 00:00,6.09
POWAI_MUMBAI_MPCB,"Powai, Mumbai - MPCB",19.1375,72.915056,2025-11-18 00:00,6.05
POWAI_MUMBAI_MPCB,"Powai, Mumbai - MPCB",19.1375,72.915056,2025-11-19 00:00,6.05
POWAI_MUMBAI_MPCB,"Powai, Mumbai - MPCB",19.1375,72.915056,2025-11-20 00:00,6.08
POWAI_MUMBAI_MPCB,"Powai, Mumbai - MPCB",19.1375,72.915056,2025-11-21 00:00,6.04
POWAI_MUMBAI_MPCB,"Powai, Mumbai - MPCB",19.1375,72.915056,2025-11-22 00:00,6.08
POWAI_MUMBAI_MPCB,"Powai, Mumbai - MPCB",19.1375,72.915056,2025-11-23 00:00,6.07
POWAI_MUMBAI_MPCB,"Powai, Mumbai - MPCB",19.1375,72.915056,2025-11-24 00:00,6.08
POWAI_MUMBAI_MPCB,"Powai, Mumbai - MPCB",19.1375,72.915056,2025-11-25 00:00,6.03
POWAI_MUMBAI_MPCB,"Powai, Mumbai - MPCB",19.1375,72.915056,2025-11-26 00:00,6.1
POWAI_MUMBAI_MPCB,"Powai, Mumbai - MPCB",19.1375,72.915056,2025-11-27 00:00,6.07
POWAI_MUMBAI_MPCB,"Powai, Mumbai - MPCB",19.1375,72.915056,2025-11-28 00:00,6.11
POWAI_MUMBAI_MPCB,"Powai, Mumbai - MPCB",19.1375,72.915056,2025-11-29 00:00,6.05
POWAI_MUMBAI_MPCB,"Powai, Mumbai - MPCB",19.1375,72.915056,2025-11-30 00:00,6.11
POWAI_MUMBAI_MPCB,"Powai, Mumbai - MPCB",19.1375,72.915056,2025-12-01 00:00,6.1
POWAI_MUMBAI_MPCB,"Powai, Mumbai - MPCB",19.1375,72.915056,2025-12-02 00:00,6.06
POWAI_MUMBAI_MPCB,"Powai, Mumbai - MPCB",19.1375,72.915056,2025-12-03 00:00,6.04
POWAI_MUMBAI_MPCB,"Powai, Mumbai - MPCB",19.1375,72.915056,2025-12-04 00:00,6.05
POWAI_MUMBAI_MPCB,"Powai, Mumbai - MPCB",19.1375,72.915056,2025-12-05 00:00,6.08
POWAI_MUMBAI_MPCB,"Powai, Mumbai - MPCB",19.1375,72.915056,2025-12-06 00:00,6.05
POWAI_MUMBAI_MPCB,"Powai, Mumbai - MPCB",19.1375,72.915056,2025-12-07 00:00,6.04
POWAI_MUMBAI_MPCB,"Powai, Mumbai - MPCB",19.1375,72.915056,2025-12-09 00:00,6.0
POWAI_MUMBAI_MPCB,"Powai, Mumbai - MPCB",19.1375,72.915056,2025-12-10 00:00,6.06
POWAI_MUMBAI_MPCB,"Powai, Mumbai - MPCB",19.1375,72.915056,2025-12-11 00:00,6.03
POWAI_MUMBAI_MPCB,"Powai, Mumbai - MPCB",19.1375,72.915056,2025-12-12 00:00,6.03
POWAI_MUMBAI_MPCB,"Powai, Mumbai - MPCB",19.1375,72.915056,2025-12-13 00:00,6.07
POWAI_MUMBAI_MPCB,"Powai, Mumbai - MPCB",19.1375,72.915056,2025-12-14 00:00,6.06
POWAI_MUMBAI_MPCB,"Powai, Mumbai - MPCB",19.1375,72.915056,2025-12-15 00:00,6.05
POWAI_MUMBAI_MPCB,"Powai, Mumbai - MPCB",19.1375,72.915056,2025-12-16 00:00,6.04
POWAI_MUMBAI_MPCB,"Powai, Mumbai - MPCB",19.1375,72.915056,2025-12-17 00:00,6.07
POWAI_MUMBAI_MPCB,"Powai, Mumbai - MPCB",19.1375,72.915056,2025-12-18 00:00,6.06
POWAI_MUMBAI_MPCB,"Powai, Mumbai - MPCB",19.1375,72.915056,2025-12-19 00:00,6.03
POWAI_MUMBAI_MPCB,"Powai, Mumbai - MPCB",19.1375,72.915056,2025-12-20 00:00,6.08
POWAI_MUMBAI_MPCB,"Powai, Mumbai - MPCB",19.1375,72.915056,2025-12-21 00:00,6.09
POWAI_MUMBAI_MPCB,"Powai, Mumbai - MPCB",19.1375,72.915056,2025-12-22 00:00,6.08
POWAI_MUMBAI_MPCB,"Powai, Mumbai - MPCB",19.1375,72.915056,2025-12-23 00:00,6.09
POWAI_MUMBAI_MPCB,"Powai, Mumbai - MPCB",19.1375,72.915056,2025-12-24 00:00,6.04
POWAI_MUMBAI_MPCB,"Powai, Mumbai - MPCB",19.1375,72.915056,2025-12-25 00:00,6.02
POWAI_MUMBAI_MPCB,"Powai, Mumbai - MPCB",19.1375,72.915056,2025-12-26 00:00,6.05
POWAI_MUMBAI_MPCB,"Powai, Mumbai - MPCB",19.1375,72.915056,2025-12-27 00:00,6.09
POWAI_MUMBAI_MPCB,"Powai, Mumbai - MPCB",19.1375,72.915056,2025-12-28 00:00,6.05
POWAI_MUMBAI_MPCB,"Powai, Mumbai - MPCB",19.1375,72.915056,2025-12-29 00:00,6.07
POWAI_MUMBAI_MPCB,"Powai, Mumbai - MPCB",19.1375,72.915056,2025-12-30 00:00,6.01
POWAI_MUMBAI_MPCB,"Powai, Mumbai - MPCB",19.1375,72.915056,2025-12-31 00:00,6.05
SEWRI_MUMBAI_BMC,"Sewri, Mumbai - BMC",19.000084,72.85673,2025-11-01 00:00,2.96
SEWRI_MUMBAI_BMC,"Sewri, Mumbai - BMC",19.000084,72.85673,2025-11-02 00:00,2.86
SEWRI_MUMBAI_BMC,"Sewri, Mumbai - BMC",19.000084,72.85673,2025-11-03 00:00,3.81
SEWRI_MUMBAI_BMC,"Sewri, Mumbai - BMC",19.000084,72.85673,2025-11-04 00:00,3.36
SEWRI_MUMBAI_BMC,"Sewri, Mumbai - BMC",19.000084,72.85673,2025-11-05 00:00,2.36
SEWRI_MUMBAI_BMC,"Sewri, Mumbai - BMC",19.000084,72.85673,2025-11-06 00:00,0.19
SEWRI_MUMBAI_BMC,"Sewri, Mumbai - BMC",19.000084,72.85673,2025-11-07 00:00,1.06
SEWRI_MUMBAI_BMC,"Sewri, Mumbai - BMC",19.000084,72.85673,2025-11-08 00:00,2.71
SEWRI_MUMBAI_BMC,"Sewri, Mumbai - BMC",19.000084,72.85673,2025-11-09 00:00,3.33
SEWRI_MUMBAI_BMC,"Sewri, Mumbai - BMC",19.000084,72.85673,2025-11-10 00:00,3.85
SEWRI_MUMBAI_BMC,"Sewri, Mumbai - BMC",19.000084,72.85673,2025-11-11 00:00,3.1
SEWRI_MUMBAI_BMC,"Sewri, Mumbai - BMC",19.000084,72.85673,2025-11-12 00:00,2.32
SEWRI_MUMBAI_BMC,"Sewri, Mumbai - BMC",19.000084,72.85673,2025-11-13 00:00,2.4
SEWRI_MUMBAI_BMC,"Sewri, Mumbai - BMC",19.000084,72.85673,2025-11-14 00:00,2.01
SEWRI_MUMBAI_BMC,"Sewri, Mumbai - BMC",19.000084,72.85673,2025-11-15 00:00,4.18
SEWRI_MUMBAI_BMC,"Sewri, Mumbai - BMC",19.000084,72.85673,2025-11-16 00:00,2.82
SEWRI_MUMBAI_BMC,"Sewri, Mumbai - BMC",19.000084,72.85673,2025-11-17 00:00,3.26
SEWRI_MUMBAI_BMC,"Sewri, Mumbai - BMC",19.000084,72.85673,2025-11-18 00:00,5.02
SEWRI_MUMBAI_BMC,"Sewri, Mumbai - BMC",19.000084,72.85673,2025-11-19 00:00,5.14
SEWRI_MUMBAI_BMC,"Sewri, Mumbai - BMC",19.000084,72.85673,2025-11-20 00:00,5.42
SEWRI_MUMBAI_BMC,"Sewri, Mumbai - BMC",19.000084,72.85673,2025-11-21 00:00,4.29
SEWRI_MUMBAI_BMC,"Sewri, Mumbai - BMC",19.000084,72.85673,2025-11-22 00:00,2.32
SEWRI_MUMBAI_BMC,"Sewri, Mumbai - BMC",19.000084,72.85673,2025-11-23 00:00,3.99
SEWRI_MUMBAI_BMC,"Sewri, Mumbai - BMC",19.000084,72.85673,2025-11-24 00:00,3.24
SEWRI_MUMBAI_BMC,"Sewri, Mumbai - BMC",19.000084,72.85673,2025-11-25 00:00,5.24
SEWRI_MUMBAI_BMC,"Sewri, Mumbai - BMC",19.000084,72.85673,2025-11-26 00:00,2.34
SEWRI_MUMBAI_BMC,"Sewri, Mumbai - BMC",19.000084,72.85673,2025-11-27 00:00,2.44
SEWRI_MUMBAI_BMC,"Sewri, Mumbai - BMC",19.000084,72.85673,2025-11-28 00:00,3.21
SEWRI_MUMBAI_BMC,"Sewri, Mumbai - BMC",19.000084,72.85673,2025-11-29 00:00,2.31
SEWRI_MUMBAI_BMC,"Sewri, Mumbai - BMC",19.000084,72.85673,2025-11-30 00:00,2.92
SEWRI_MUMBAI_BMC,"Sewri, Mumbai - BMC",19.000084,72.85673,2025-12-01 00:00,7.09
SEWRI_MUMBAI_BMC,"Sewri, Mumbai - BMC",19.000084,72.85673,2025-12-02 00:00,4.53
SEWRI_MUMBAI_BMC,"Sewri, Mumbai - BMC",19.000084,72.85673,2025-12-03 00:00,8.62
SEWRI_MUMBAI_BMC,"Sewri, Mumbai - BMC",19.000084,72.85673,2025-12-04 00:00,14.23
SEWRI_MUMBAI_BMC,"Sewri, Mumbai - BMC",19.000084,72.85673,2025-12-05 00:00,10.73
SEWRI_MUMBAI_BMC,"Sewri, Mumbai - BMC",19.000084,72.85673,2025-12-06 00:00,8.74
SEWRI_MUMBAI_BMC,"Sewri, Mumbai - BMC",19.000084,72.85673,2025-12-07 00:00,5.64
SEWRI_MUMBAI_BMC,"Sewri, Mumbai - BMC",19.000084,72.85673,2025-12-08 00:00,6.98
SEWRI_MUMBAI_BMC,"Sewri, Mumbai - BMC",19.000084,72.85673,2025-12-09 00:00,5.17
SEWRI_MUMBAI_BMC,"Sewri, Mumbai - BMC",19.000084,72.85673,2025-12-10 00:00,8.11
SEWRI_MUMBAI_BMC,"Sewri, Mumbai - BMC",19.000084,72.85673,2025-12-11 00:00,5.1
SEWRI_MUMBAI_BMC,"Sewri, Mumbai - BMC",19.000084,72.85673,2025-12-12 00:00,4.26
SEWRI_MUMBAI_BMC,"Sewri, Mumbai - BMC",19.000084,72.85673,2025-12-13 00:00,4.25
SEWRI_MUMBAI_BMC,"Sewri, Mumbai - BMC",19.000084,72.85673,2025-12-14 00:00,9.71
SEWRI_MUMBAI_BMC,"Sewri, Mumbai - BMC",19.000084,72.85673,2025-12-15 00:00,7.67
SEWRI_MUMBAI_BMC,"Sewri, Mumbai - BMC",19.000084,72.85673,2025-12-17 00:00,7.56
SEWRI_MUMBAI_BMC,"Sewri, Mumbai - BMC",19.000084,72.85673,2025-12-18 00:00,5.49
SEWRI_MUMBAI_BMC,"Sewri, Mumbai - BMC",19.000084,72.85673,2025-12-19 00:00,5.01
SEWRI_MUMBAI_BMC,"Sewri, Mumbai - BMC",19.000084,72.85673,2025-12-20 00:00,7.08
SEWRI_MUMBAI_BMC,"Sewri, Mumbai - BMC",19.000084,72.85673,2025-12-21 00:00,8.79
SEWRI_MUMBAI_BMC,"Sewri, Mumbai - BMC",19.000084,72.85673,2025-12-22 00:00,7.38
SEWRI_MUMBAI_BMC,"Sewri, Mumbai - BMC",19.000084,72.85673,2025-12-23 00:00,7.09
SEWRI_MUMBAI_BMC,"Sewri, Mumbai - BMC",19.000084,72.85673,2025-12-24 00:00,5.0
SEWRI_MUMBAI_BMC,"Sewri, Mumbai - BMC",19.000084,72.85673,2025-12-25 00:00,6.31
SEWRI_MUMBAI_BMC,"Sewri, Mumbai - BMC",19.000084,72.85673,2025-12-26 00:00,6.09
SEWRI_MUMBAI_BMC,"Sewri, Mumbai - BMC",19.000084,72.85673,2025-12-27 00:00,5.54
SEWRI_MUMBAI_BMC,"Sewri, Mumbai - BMC",19.000084,72.85673,2025-12-28 00:00,5.79
SEWRI_MUMBAI_BMC,"Sewri, Mumbai - BMC",19.000084,72.85673,2025-12-29 00:00,61.32
SEWRI_MUMBAI_BMC,"Sewri, Mumbai - BMC",19.000084,72.85673,2025-12-30 00:00,93.04
SEWRI_MUMBAI_BMC,"Sewri, Mumbai - BMC",19.000084,72.85673,2025-12-31 00:00,68.59
SHIVAJI_NAGAR_MUMBAI_BMC,"Shivaji Nagar, Mumbai - BMC",19.060498,72.923356,2025-11-01 00:00,17.68
SHIVAJI_NAGAR_MUMBAI_BMC,"Shivaji Nagar, Mumbai - BMC",19.060498,72.923356,2025-11-02 00:00,17.83
SHIVAJI_NAGAR_MUMBAI_BMC,"Shivaji Nagar, Mumbai - BMC",19.060498,72.923356,2025-11-03 00:00,20.08
SHIVAJI_NAGAR_MUMBAI_BMC,"Shivaji Nagar, Mumbai - BMC",19.060498,72.923356,2025-11-04 00:00,20.51
SHIVAJI_NAGAR_MUMBAI_BMC,"Shivaji Nagar, Mumbai - BMC",19.060498,72.923356,2025-11-05 00:00,23.75
SHIVAJI_NAGAR_MUMBAI_BMC,"Shivaji Nagar, Mumbai - BMC",19.060498,72.923356,2025-11-06 00:00,23.55
SHIVAJI_NAGAR_MUMBAI_BMC,"Shivaji Nagar, Mumbai - BMC",19.060498,72.923356,2025-11-07 00:00,32.14
SHIVAJI_NAGAR_MUMBAI_BMC,"Shivaji Nagar, Mumbai - BMC",19.060498,72.923356,2025-11-08 00:00,27.44
SHIVAJI_NAGAR_MUMBAI_BMC,"Shivaji Nagar, Mumbai - BMC",19.060498,72.923356,2025-11-09 00:00,31.64
SHIVAJI_NAGAR_MUMBAI_BMC,"Shivaji Nagar, Mumbai - BMC",19.060498,72.923356,2025-11-10 00:00,39.56
SHIVAJI_NAGAR_MUMBAI_BMC,"Shivaji Nagar, Mumbai - BMC",19.060498,72.923356,2025-11-11 00:00,38.42
SHIVAJI_NAGAR_MUMBAI_BMC,"Shivaji Nagar, Mumbai - BMC",19.060498,72.923356,2025-11-12 00:00,31.19
SHIVAJI_NAGAR_MUMBAI_BMC,"Shivaji Nagar, Mumbai - BMC",19.060498,72.923356,2025-11-13 00:00,35.42
SHIVAJI_NAGAR_MUMBAI_BMC,"Shivaji Nagar, Mumbai - BMC",19.060498,72.923356,2025-11-14 00:00,39.94
SHIVAJI_NAGAR_MUMBAI_BMC,"Shivaji Nagar, Mumbai - BMC",19.060498,72.923356,2025-11-15 00:00,39.22
SHIVAJI_NAGAR_MUMBAI_BMC,"Shivaji Nagar, Mumbai - BMC",19.060498,72.923356,2025-11-16 00:00,38.82
SHIVAJI_NAGAR_MUMBAI_BMC,"Shivaji Nagar, Mumbai - BMC",19.060498,72.923356,2025-11-17 00:00,38.18
SHIVAJI_NAGAR_MUMBAI_BMC,"Shivaji Nagar, Mumbai - BMC",19.060498,72.923356,2025-11-18 00:00,42.09
SHIVAJI_NAGAR_MUMBAI_BMC,"Shivaji Nagar, Mumbai - BMC",19.060498,72.923356,2025-11-19 00:00,44.02
SHIVAJI_NAGAR_MUMBAI_BMC,"Shivaji Nagar, Mumbai - BMC",19.060498,72.923356,2025-11-20 00:00,43.07
SHIVAJI_NAGAR_MUMBAI_BMC,"Shivaji Nagar, Mumbai - BMC",19.060498,72.923356,2025-11-21 00:00,51.93
SHIVAJI_NAGAR_MUMBAI_BMC,"Shivaji Nagar, Mumbai - BMC",19.060498,72.923356,2025-11-22 00:00,54.16
SHIVAJI_NAGAR_MUMBAI_BMC,"Shivaji Nagar, Mumbai - BMC",19.060498,72.923356,2025-11-23 00:00,53.73
SHIVAJI_NAGAR_MUMBAI_BMC,"Shivaji Nagar, Mumbai - BMC",19.060498,72.923356,2025-11-24 00:00,51.22
SHIVAJI_NAGAR_MUMBAI_BMC,"Shivaji Nagar, Mumbai - BMC",19.060498,72.923356,2025-11-25 00:00,48.05
SHIVAJI_NAGAR_MUMBAI_BMC,"Shivaji Nagar, Mumbai - BMC",19.060498,72.923356,2025-11-26 00:00,48.41
SHIVAJI_NAGAR_MUMBAI_BMC,"Shivaji Nagar, Mumbai - BMC",19.060498,72.923356,2025-11-27 00:00,46.69
SHIVAJI_NAGAR_MUMBAI_BMC,"Shivaji Nagar, Mumbai - BMC",19.060498,72.923356,2025-11-28 00:00,42.32
SHIVAJI_NAGAR_MUMBAI_BMC,"Shivaji Nagar, Mumbai - BMC",19.060498,72.923356,2025-11-29 00:00,35.89
SHIVAJI_NAGAR_MUMBAI_BMC,"Shivaji Nagar, Mumbai - BMC",19.060498,72.923356,2025-11-30 00:00,43.18
SHIVAJI_NAGAR_MUMBAI_BMC,"Shivaji Nagar, Mumbai - BMC",19.060498,72.923356,2025-12-01 00:00,45.4
SHIVAJI_NAGAR_MUMBAI_BMC,"Shivaji Nagar, Mumbai - BMC",19.060498,72.923356,2025-12-02 00:00,45.33
SHIVAJI_NAGAR_MUMBAI_BMC,"Shivaji Nagar, Mumbai - BMC",19.060498,72.923356,2025-12-03 00:00,41.47
SHIVAJI_NAGAR_MUMBAI_BMC,"Shivaji Nagar, Mumbai - BMC",19.060498,72.923356,2025-12-04 00:00,39.53
SHIVAJI_NAGAR_MUMBAI_BMC,"Shivaji Nagar, Mumbai - BMC",19.060498,72.923356,2025-12-05 00:00,37.57
SHIVAJI_NAGAR_MUMBAI_BMC,"Shivaji Nagar, Mumbai - BMC",19.060498,72.923356,2025-12-06 00:00,34.43
SHIVAJI_NAGAR_MUMBAI_BMC,"Shivaji Nagar, Mumbai - BMC",19.060498,72.923356,2025-12-07 00:00,44.14
SHIVAJI_NAGAR_MUMBAI_BMC,"Shivaji Nagar, Mumbai - BMC",19.060498,72.923356,2025-12-08 00:00,65.87
SHIVAJI_NAGAR_MUMBAI_BMC,"Shivaji Nagar, Mumbai - BMC",19.060498,72.923356,2025-12-09 00:00,37.92
SHIVAJI_NAGAR_MUMBAI_BMC,"Shivaji Nagar, Mumbai - BMC",19.060498,72.923356,2025-12-10 00:00,43.32
SHIVAJI_NAGAR_MUMBAI_BMC,"Shivaji Nagar, Mumbai - BMC",19.060498,72.923356,2025-12-11 00:00,43.64
SHIVAJI_NAGAR_MUMBAI_BMC,"Shivaji Nagar, Mumbai - BMC",19.060498,72.923356,2025-12-12 00:00,49.98
SHIVAJI_NAGAR_MUMBAI_BMC,"Shivaji Nagar, Mumbai - BMC",19.060498,72.923356,2025-12-13 00:00,52.39
SHIVAJI_NAGAR_MUMBAI_BMC,"Shivaji Nagar, Mumbai - BMC",19.060498,72.923356,2025-12-14 00:00,47.32
SHIVAJI_NAGAR_MUMBAI_BMC,"Shivaji Nagar, Mumbai - BMC",19.060498,72.923356,2025-12-15 00:00,36.33
SHIVAJI_NAGAR_MUMBAI_BMC,"Shivaji Nagar, Mumbai - BMC",19.060498,72.923356,2025-12-17 00:00,61.18
SHIVAJI_NAGAR_MUMBAI_BMC,"Shivaji Nagar, Mumbai - BMC",19.060498,72.923356,2025-12-18 00:00,58.44
SHIVAJI_NAGAR_MUMBAI_BMC,"Shivaji Nagar, Mumbai - BMC",19.060498,72.923356,2025-12-19 00:00,47.78
SHIVAJI_NAGAR_MUMBAI_BMC,"Shivaji Nagar, Mumbai - BMC",19.060498,72.923356,2025-12-20 00:00,47.02
SHIVAJI_NAGAR_MUMBAI_BMC,"Shivaji Nagar, Mumbai - BMC",19.060498,72.923356,2025-12-21 00:00,49.8
SHIVAJI_NAGAR_MUMBAI_BMC,"Shivaji Nagar, Mumbai - BMC",19.060498,72.923356,2025-12-22 00:00,50.34
SHIVAJI_NAGAR_MUMBAI_BMC,"Shivaji Nagar, Mumbai - BMC",19.060498,72.923356,2025-12-23 00:00,48.29
SHIVAJI_NAGAR_MUMBAI_BMC,"Shivaji Nagar, Mumbai - BMC",19.060498,72.923356,2025-12-24 00:00,45.76
SHIVAJI_NAGAR_MUMBAI_BMC,"Shivaji Nagar, Mumbai - BMC",19.060498,72.923356,2025-12-25 00:00,52.14
SHIVAJI_NAGAR_MUMBAI_BMC,"Shivaji Nagar, Mumbai - BMC",19.060498,72.923356,2025-12-26 00:00,47.12
SHIVAJI_NAGAR_MUMBAI_BMC,"Shivaji Nagar, Mumbai - BMC",19.060498,72.923356,2025-12-27 00:00,56.57
SHIVAJI_NAGAR_MUMBAI_BMC,"Shivaji Nagar, Mumbai - BMC",19.060498,72.923356,2025-12-28 00:00,33.18
SHIVAJI_NAGAR_MUMBAI_BMC,"Shivaji Nagar, Mumbai - BMC",19.060498,72.923356,2025-12-29 00:00,53.31
SHIVAJI_NAGAR_MUMBAI_BMC,"Shivaji Nagar, Mumbai - BMC",19.060498,72.923356,2025-12-30 00:00,67.29
SHIVAJI_NAGAR_MUMBAI_BMC,"Shivaji Nagar, Mumbai - BMC",19.060498,72.923356,2025-12-31 00:00,54.97
SIDDHARTH_NAGAR_WORLI_MUMBAI_IITM,"Siddharth Nagar-Worli, Mumbai - IITM",19.000083,72.813993,2025-11-01 00:00,31.29
SIDDHARTH_NAGAR_WORLI_MUMBAI_IITM,"Siddharth Nagar-Worli, Mumbai - IITM",19.000083,72.813993,2025-11-02 00:00,28.96
SIDDHARTH_NAGAR_WORLI_MUMBAI_IITM,"Siddharth Nagar-Worli, Mumbai - IITM",19.000083,72.813993,2025-11-03 00:00,29.84
SIDDHARTH_NAGAR_WORLI_MUMBAI_IITM,"Siddharth Nagar-Worli, Mumbai - IITM",19.000083,72.813993,2025-11-04 00:00,18.92
SIDDHARTH_NAGAR_WORLI_MUMBAI_IITM,"Siddharth Nagar-Worli, Mumbai - IITM",19.000083,72.813993,2025-11-05 00:00,21.03
SIDDHARTH_NAGAR_WORLI_MUMBAI_IITM,"Siddharth Nagar-Worli, Mumbai - IITM",19.000083,72.813993,2025-11-06 00:00,46.62
SIDDHARTH_NAGAR_WORLI_MUMBAI_IITM,"Siddharth Nagar-Worli, Mumbai - IITM",19.000083,72.813993,2025-11-07 00:00,43.72
SIDDHARTH_NAGAR_WORLI_MUMBAI_IITM,"Siddharth Nagar-Worli, Mumbai - IITM",19.000083,72.813993,2025-11-08 00:00,57.52
SIDDHARTH_NAGAR_WORLI_MUMBAI_IITM,"Siddharth Nagar-Worli, Mumbai - IITM",19.000083,72.813993,2025-11-09 00:00,74.95
SIDDHARTH_NAGAR_WORLI_MUMBAI_IITM,"Siddharth Nagar-Worli, Mumbai - IITM",19.000083,72.813993,2025-11-10 00:00,64.28
SIDDHARTH_NAGAR_WORLI_MUMBAI_IITM,"Siddharth Nagar-Worli, Mumbai - IITM",19.000083,72.813993,2025-11-11 00:00,75.57
SIDDHARTH_NAGAR_WORLI_MUMBAI_IITM,"Siddharth Nagar-Worli, Mumbai - IITM",19.000083,72.813993,2025-11-12 00:00,76.39
SIDDHARTH_NAGAR_WORLI_MUMBAI_IITM,"Siddharth Nagar-Worli, Mumbai - IITM",19.000083,72.813993,2025-11-13 00:00,72.0
SIDDHARTH_NAGAR_WORLI_MUMBAI_IITM,"Siddharth Nagar-Worli, Mumbai - IITM",19.000083,72.813993,2025-11-14 00:00,80.6
SIDDHARTH_NAGAR_WORLI_MUMBAI_IITM,"Siddharth Nagar-Worli, Mumbai - IITM",19.000083,72.813993,2025-11-15 00:00,114.14
SIDDHARTH_NAGAR_WORLI_MUMBAI_IITM,"Siddharth Nagar-Worli, Mumbai - IITM",19.000083,72.813993,2025-11-17 00:00,52.64
SIDDHARTH_NAGAR_WORLI_MUMBAI_IITM,"Siddharth Nagar-Worli, Mumbai - IITM",19.000083,72.813993,2025-11-18 00:00,70.77
SIDDHARTH_NAGAR_WORLI_MUMBAI_IITM,"Siddharth Nagar-Worli, Mumbai - IITM",19.000083,72.813993,2025-11-19 00:00,87.67
SIDDHARTH_NAGAR_WORLI_MUMBAI_IITM,"Siddharth Nagar-Worli, Mumbai - IITM",19.000083,72.813993,2025-11-20 00:00,76.79
SIDDHARTH_NAGAR_WORLI_MUMBAI_IITM,"Siddharth Nagar-Worli, Mumbai - IITM",19.000083,72.813993,2025-11-21 00:00,78.2
SIDDHARTH_NAGAR_WORLI_MUMBAI_IITM,"Siddharth Nagar-Worli, Mumbai - IITM",19.000083,72.813993,2025-11-22 00:00,77.16
SIDDHARTH_NAGAR_WORLI_MUMBAI_IITM,"Siddharth Nagar-Worli, Mumbai - IITM",19.000083,72.813993,2025-11-23 00:00,102.26
SIDDHARTH_NAGAR_WORLI_MUMBAI_IITM,"Siddharth Nagar-Worli, Mumbai - IITM",19.000083,72.813993,2025-11-24 00:00,82.28
SIDDHARTH_NAGAR_WORLI_MUMBAI_IITM,"Siddharth Nagar-Worli, Mumbai - IITM",19.000083,72.813993,2025-11-25 00:00,47.93
SIDDHARTH_NAGAR_WORLI_MUMBAI_IITM,"Siddharth Nagar-Worli, Mumbai - IITM",19.000083,72.813993,2025-11-26 00:00,64.33
SIDDHARTH_NAGAR_WORLI_MUMBAI_IITM,"Siddharth Nagar-Worli, Mumbai - IITM",19.000083,72.813993,2025-11-27 00:00,54.35
SIDDHARTH_NAGAR_WORLI_MUMBAI_IITM,"Siddharth Nagar-Worli, Mumbai - IITM",19.000083,72.813993,2025-11-28 00:00,64.8
SIDDHARTH_NAGAR_WORLI_MUMBAI_IITM,"Siddharth Nagar-Worli, Mumbai - IITM",19.000083,72.813993,2025-11-29 00:00,59.27
SIDDHARTH_NAGAR_WORLI_MUMBAI_IITM,"Siddharth Nagar-Worli, Mumbai - IITM",19.000083,72.813993,2025-11-30 00:00,58.88
SIDDHARTH_NAGAR_WORLI_MUMBAI_IITM,"Siddharth Nagar-Worli, Mumbai - IITM",19.000083,72.813993,2025-12-01 00:00,61.26
SIDDHARTH_NAGAR_WORLI_MUMBAI_IITM,"Siddharth Nagar-Worli, Mumbai - IITM",19.000083,72.813993,2025-12-02 00:00,54.28
SIDDHARTH_NAGAR_WORLI_MUMBAI_IITM,"Siddharth Nagar-Worli, Mumbai - IITM",19.000083,72.813993,2025-12-03 00:00,65.66
SIDDHARTH_NAGAR_WORLI_MUMBAI_IITM,"Siddharth Nagar-Worli, Mumbai - IITM",19.000083,72.813993,2025-12-04 00:00,66.19
SIDDHARTH_NAGAR_WORLI_MUMBAI_IITM,"Siddharth Nagar-Worli, Mumbai - IITM",19.000083,72.813993,2025-12-05 00:00,56.6
SIDDHARTH_NAGAR_WORLI_MUMBAI_IITM,"Siddharth Nagar-Worli, Mumbai - IITM",19.000083,72.813993,2025-12-06 00:00,61.88
SIDDHARTH_NAGAR_WORLI_MUMBAI_IITM,"Siddharth Nagar-Worli, Mumbai - IITM",19.000083,72.813993,2025-12-07 00:00,58.48
SIDDHARTH_NAGAR_WORLI_MUMBAI_IITM,"Siddharth Nagar-Worli, Mumbai - IITM",19.000083,72.813993,2025-12-08 00:00,59.82
SIDDHARTH_NAGAR_WORLI_MUMBAI_IITM,"Siddharth Nagar-Worli, Mumbai - IITM",19.000083,72.813993,2025-12-09 00:00,65.63
SIDDHARTH_NAGAR_WORLI_MUMBAI_IITM,"Siddharth Nagar-Worli, Mumbai - IITM",19.000083,72.813993,2025-12-10 00:00,58.65
SIDDHARTH_NAGAR_WORLI_MUMBAI_IITM,"Siddharth Nagar-Worli, Mumbai - IITM",19.000083,72.813993,2025-12-11 00:00,63.17
SIDDHARTH_NAGAR_WORLI_MUMBAI_IITM,"Siddharth Nagar-Worli, Mumbai - IITM",19.000083,72.813993,2025-12-12 00:00,50.0
SIDDHARTH_NAGAR_WORLI_MUMBAI_IITM,"Siddharth Nagar-Worli, Mumbai - IITM",19.000083,72.813993,2025-12-13 00:00,57.99
SIDDHARTH_NAGAR_WORLI_MUMBAI_IITM,"Siddharth Nagar-Worli, Mumbai - IITM",19.000083,72.813993,2025-12-14 00:00,58.77
SIDDHARTH_NAGAR_WORLI_MUMBAI_IITM,"Siddharth Nagar-Worli, Mumbai - IITM",19.000083,72.813993,2025-12-15 00:00,59.78
SIDDHARTH_NAGAR_WORLI_MUMBAI_IITM,"Siddharth Nagar-Worli, Mumbai - IITM",19.000083,72.813993,2025-12-16 00:00,58.19
SIDDHARTH_NAGAR_WORLI_MUMBAI_IITM,"Siddharth Nagar-Worli, Mumbai - IITM",19.000083,72.813993,2025-12-17 00:00,59.86
SIDDHARTH_NAGAR_WORLI_MUMBAI_IITM,"Siddharth Nagar-Worli, Mumbai - IITM",19.000083,72.813993,2025-12-18 00:00,63.47
SIDDHARTH_NAGAR_WORLI_MUMBAI_IITM,"Siddharth Nagar-Worli, Mumbai - IITM",19.000083,72.813993,2025-12-19 00:00,73.85
SIDDHARTH_NAGAR_WORLI_MUMBAI_IITM,"Siddharth Nagar-Worli, Mumbai - IITM",19.000083,72.813993,2025-12-20 00:00,47.56
SIDDHARTH_NAGAR_WORLI_MUMBAI_IITM,"Siddharth Nagar-Worli, Mumbai - IITM",19.000083,72.813993,2025-12-21 00:00,53.33
SIDDHARTH_NAGAR_WORLI_MUMBAI_IITM,"Siddharth Nagar-Worli, Mumbai - IITM",19.000083,72.813993,2025-12-22 00:00,60.81
SIDDHARTH_NAGAR_WORLI_MUMBAI_IITM,"Siddharth Nagar-Worli, Mumbai - IITM",19.000083,72.813993,2025-12-23 00:00,56.94
SIDDHARTH_NAGAR_WORLI_MUMBAI_IITM,"Siddharth Nagar-Worli, Mumbai - IITM",19.000083,72.813993,2025-12-24 00:00,56.1
SIDDHARTH_NAGAR_WORLI_MUMBAI_IITM,"Siddharth Nagar-Worli, Mumbai - IITM",19.000083,72.813993,2025-12-25 00:00,51.9
SIDDHARTH_NAGAR_WORLI_MUMBAI_IITM,"Siddharth Nagar-Worli, Mumbai - IITM",19.000083,72.813993,2025-12-26 00:00,60.15
SIDDHARTH_NAGAR_WORLI_MUMBAI_IITM,"Siddharth Nagar-Worli, Mumbai - IITM",19.000083,72.813993,2025-12-27 00:00,52.34
SIDDHARTH_NAGAR_WORLI_MUMBAI_IITM,"Siddharth Nagar-Worli, Mumbai - IITM",19.000083,72.813993,2025-12-28 00:00,56.16
SIDDHARTH_NAGAR_WORLI_MUMBAI_IITM,"Siddharth Nagar-Worli, Mumbai - IITM",19.000083,72.813993,2025-12-29 00:00,55.25
SIDDHARTH_NAGAR_WORLI_MUMBAI_IITM,"Siddharth Nagar-Worli, Mumbai - IITM",19.000083,72.813993,2025-12-30 00:00,58.46
SIDDHARTH_NAGAR_WORLI_MUMBAI_IITM,"Siddharth Nagar-Worli, Mumbai - IITM",19.000083,72.813993,2025-12-31 00:00,39.74
SION_MUMBAI_MPCB,"Sion, Mumbai - MPCB",19.047,72.8746,2025-11-01 00:00,7.98
SION_MUMBAI_MPCB,"Sion, Mumbai - MPCB",19.047,72.8746,2025-11-02 00:00,9.77
SION_MUMBAI_MPCB,"Sion, Mumbai - MPCB",19.047,72.8746,2025-11-03 00:00,9.25
SION_MUMBAI_MPCB,"Sion, Mumbai - MPCB",19.047,72.8746,2025-11-04 00:00,8.17
SION_MUMBAI_MPCB,"Sion, Mumbai - MPCB",19.047,72.8746,2025-11-05 00:00,7.33
SION_MUMBAI_MPCB,"Sion, Mumbai - MPCB",19.047,72.8746,2025-11-06 00:00,7.36
SION_MUMBAI_MPCB,"Sion, Mumbai - MPCB",19.047,72.8746,2025-11-07 00:00,7.38
SION_MUMBAI_MPCB,"Sion, Mumbai - MPCB",19.047,72.8746,2025-11-08 00:00,6.46
SION_MUMBAI_MPCB,"Sion, Mumbai - MPCB",19.047,72.8746,2025-11-09 00:00,6.47
SION_MUMBAI_MPCB,"Sion, Mumbai - MPCB",19.047,72.8746,2025-11-10 00:00,6.95
SION_MUMBAI_MPCB,"Sion, Mumbai - MPCB",19.047,72.8746,2025-11-11 00:00,6.84
SION_MUMBAI_MPCB,"Sion, Mumbai - MPCB",19.047,72.8746,2025-11-12 00:00,5.68
SION_MUMBAI_MPCB,"Sion, Mumbai - MPCB",19.047,72.8746,2025-11-13 00:00,6.23
SION_MUMBAI_MPCB,"Sion, Mumbai - MPCB",19.047,72.8746,2025-11-14 00:00,6.02
SION_MUMBAI_MPCB,"Sion, Mumbai - MPCB",19.047,72.8746,2025-11-15 00:00,6.1
SION_MUMBAI_MPCB,"Sion, Mumbai - MPCB",19.047,72.8746,2025-11-16 00:00,6.13
SION_MUMBAI_MPCB,"Sion, Mumbai - MPCB",19.047,72.8746,2025-11-17 00:00,6.21
SION_MUMBAI_MPCB,"Sion, Mumbai - MPCB",19.047,72.8746,2025-11-18 00:00,7.83
SION_MUMBAI_MPCB,"Sion, Mumbai - MPCB",19.047,72.8746,2025-11-20 00:00,57.51
SION_MUMBAI_MPCB,"Sion, Mumbai - MPCB",19.047,72.8746,2025-11-21 00:00,52.24
SION_MUMBAI_MPCB,"Sion, Mumbai - MPCB",19.047,72.8746,2025-11-22 00:00,49.28
SION_MUMBAI_MPCB,"Sion, Mumbai - MPCB",19.047,72.8746,2025-11-23 00:00,46.41
SION_MUMBAI_MPCB,"Sion, Mumbai - MPCB",19.047,72.8746,2025-11-24 00:00,46.43
SION_MUMBAI_MPCB,"Sion, Mumbai - MPCB",19.047,72.8746,2025-11-25 00:00,43.9
SION_MUMBAI_MPCB,"Sion, Mumbai - MPCB",19.047,72.8746,2025-11-26 00:00,46.23
SION_MUMBAI_MPCB,"Sion, Mumbai - MPCB",19.047,72.8746,2025-11-27 00:00,45.85
SION_MUMBAI_MPCB,"Sion, Mumbai - MPCB",19.047,72.8746,2025-11-28 00:00,46.14
SION_MUMBAI_MPCB,"Sion, Mumbai - MPCB",19.047,72.8746,2025-11-29 00:00,41.15
SION_MUMBAI_MPCB,"Sion, Mumbai - MPCB",19.047,72.8746,2025-11-30 00:00,40.32
SION_MUMBAI_MPCB,"Sion, Mumbai - MPCB",19.047,72.8746,2025-12-01 00:00,43.26
SION_MUMBAI_MPCB,"Sion, Mumbai - MPCB",19.047,72.8746,2025-12-02 00:00,44.54
SION_MUMBAI_MPCB,"Sion, Mumbai - MPCB",19.047,72.8746,2025-12-03 00:00,43.4
SION_MUMBAI_MPCB,"Sion, Mumbai - MPCB",19.047,72.8746,2025-12-04 00:00,42.5
SION_MUMBAI_MPCB,"Sion, Mumbai - MPCB",19.047,72.8746,2025-12-05 00:00,43.56
SION_MUMBAI_MPCB,"Sion, Mumbai - MPCB",19.047,72.8746,2025-12-06 00:00,42.26
SION_MUMBAI_MPCB,"Sion, Mumbai - MPCB",19.047,72.8746,2025-12-07 00:00,38.58
SION_MUMBAI_MPCB,"Sion, Mumbai - MPCB",19.047,72.8746,2025-12-08 00:00,50.85
SION_MUMBAI_MPCB,"Sion, Mumbai - MPCB",19.047,72.8746,2025-12-09 00:00,58.01
SION_MUMBAI_MPCB,"Sion, Mumbai - MPCB",19.047,72.8746,2025-12-10 00:00,92.3
SION_MUMBAI_MPCB,"Sion, Mumbai - MPCB",19.047,72.8746,2025-12-11 00:00,81.17
SION_MUMBAI_MPCB,"Sion, Mumbai - MPCB",19.047,72.8746,2025-12-12 00:00,3.31
SION_MUMBAI_MPCB,"Sion, Mumbai - MPCB",19.047,72.8746,2025-12-13 00:00,2.5
SION_MUMBAI_MPCB,"Sion, Mumbai - MPCB",19.047,72.8746,2025-12-14 00:00,2.41
SION_MUMBAI_MPCB,"Sion, Mumbai - MPCB",19.047,72.8746,2025-12-15 00:00,5.11
SION_MUMBAI_MPCB,"Sion, Mumbai - MPCB",19.047,72.8746,2025-12-16 00:00,10.22
SION_MUMBAI_MPCB,"Sion, Mumbai - MPCB",19.047,72.8746,2025-12-17 00:00,15.24
SION_MUMBAI_MPCB,"Sion, Mumbai - MPCB",19.047,72.8746,2025-12-18 00:00,11.62
SION_MUMBAI_MPCB,"Sion, Mumbai - MPCB",19.047,72.8746,2025-12-19 00:00,8.58
SION_MUMBAI_MPCB,"Sion, Mumbai - MPCB",19.047,72.8746,2025-12-20 00:00,8.18
SION_MUMBAI_MPCB,"Sion, Mumbai - MPCB",19.047,72.8746,2025-12-21 00:00,7.78
SION_MUMBAI_MPCB,"Sion, Mumbai - MPCB",19.047,72.8746,2025-12-22 00:00,8.08
SION_MUMBAI_MPCB,"Sion, Mumbai - MPCB",19.047,72.8746,2025-12-23 00:00,7.57
SION_MUMBAI_MPCB,"Sion, Mumbai - MPCB",19.047,72.8746,2025-12-24 00:00,7.29
SION_MUMBAI_MPCB,"Sion, Mumbai - MPCB",19.047,72.8746,2025-12-25 00:00,7.91
SION_MUMBAI_MPCB,"Sion, Mumbai - MPCB",19.047,72.8746,2025-12-26 00:00,7.92
SION_MUMBAI_MPCB,"Sion, Mumbai - MPCB",19.047,72.8746,2025-12-27 00:00,12.36
SION_MUMBAI_MPCB,"Sion, Mumbai - MPCB",19.047,72.8746,2025-12-28 00:00,33.59
SION_MUMBAI_MPCB,"Sion, Mumbai - MPCB",19.047,72.8746,2025-12-29 00:00,70.63
SION_MUMBAI_MPCB,"Sion, Mumbai - MPCB",19.047,72.8746,2025-12-30 00:00,67.37
SION_MUMBAI_MPCB,"Sion, Mumbai - MPCB",19.047,72.8746,2025-12-31 00:00,60.71
VILE_PARLE_WEST_MUMBAI_MPCB,"Vile Parle West, Mumbai - MPCB",19.10861,72.83622,2025-11-01 00:00,16.18
VILE_PARLE_WEST_MUMBAI_MPCB,"Vile Parle West, Mumbai - MPCB",19.10861,72.83622,2025-11-02 00:00,21.67
VILE_PARLE_WEST_MUMBAI_MPCB,"Vile Parle West, Mumbai - MPCB",19.10861,72.83622,2025-11-03 00:00,17.17
VILE_PARLE_WEST_MUMBAI_MPCB,"Vile Parle West, Mumbai - MPCB",19.10861,72.83622,2025-11-04 00:00,21.6
VILE_PARLE_WEST_MUMBAI_MPCB,"Vile Parle West, Mumbai - MPCB",19.10861,72.83622,2025-11-05 00:00,21.02
VILE_PARLE_WEST_MUMBAI_MPCB,"Vile Parle West, Mumbai - MPCB",19.10861,72.83622,2025-11-06 00:00,16.82
VILE_PARLE_WEST_MUMBAI_MPCB,"Vile Parle West, Mumbai - MPCB",19.10861,72.83622,2025-11-07 00:00,19.16
VILE_PARLE_WEST_MUMBAI_MPCB,"Vile Parle West, Mumbai - MPCB",19.10861,72.83622,2025-11-08 00:00,16.86
VILE_PARLE_WEST_MUMBAI_MPCB,"Vile Parle West, Mumbai - MPCB",19.10861,72.83622,2025-11-09 00:00,19.71
VILE_PARLE_WEST_MUMBAI_MPCB,"Vile Parle West, Mumbai - MPCB",19.10861,72.83622,2025-11-10 00:00,20.53
VILE_PARLE_WEST_MUMBAI_MPCB,"Vile Parle West, Mumbai - MPCB",19.10861,72.83622,2025-11-11 00:00,20.5
VILE_PARLE_WEST_MUMBAI_MPCB,"Vile Parle West, Mumbai - MPCB",19.10861,72.83622,2025-11-12 00:00,19.64
VILE_PARLE_WEST_MUMBAI_MPCB,"Vile Parle West, Mumbai - MPCB",19.10861,72.83622,2025-11-13 00:00,18.74
VILE_PARLE_WEST_MUMBAI_MPCB,"Vile Parle West, Mumbai - MPCB",19.10861,72.83622,2025-11-14 00:00,21.33
VILE_PARLE_WEST_MUMBAI_MPCB,"Vile Parle West, Mumbai - MPCB",19.10861,72.83622,2025-11-15 00:00,19.13
VILE_PARLE_WEST_MUMBAI_MPCB,"Vile Parle West, Mumbai - MPCB",19.10861,72.83622,2025-11-16 00:00,17.71
VILE_PARLE_WEST_MUMBAI_MPCB,"Vile Parle West, Mumbai - MPCB",19.10861,72.83622,2025-11-17 00:00,20.49
VILE_PARLE_WEST_MUMBAI_MPCB,"Vile Parle West, Mumbai - MPCB",19.10861,72.83622,2025-11-18 00:00,17.74
VILE_PARLE_WEST_MUMBAI_MPCB,"Vile Parle West, Mumbai - MPCB",19.10861,72.83622,2025-11-19 00:00,18.26
VILE_PARLE_WEST_MUMBAI_MPCB,"Vile Parle West, Mumbai - MPCB",19.10861,72.83622,2025-11-20 00:00,19.7
VILE_PARLE_WEST_MUMBAI_MPCB,"Vile Parle West, Mumbai - MPCB",19.10861,72.83622,2025-11-21 00:00,21.02
VILE_PARLE_WEST_MUMBAI_MPCB,"Vile Parle West, Mumbai - MPCB",19.10861,72.83622,2025-11-22 00:00,21.85
VILE_PARLE_WEST_MUMBAI_MPCB,"Vile Parle West, Mumbai - MPCB",19.10861,72.83622,2025-11-23 00:00,21.08
VILE_PARLE_WEST_MUMBAI_MPCB,"Vile Parle West, Mumbai - MPCB",19.10861,72.83622,2025-11-24 00:00,19.69
VILE_PARLE_WEST_MUMBAI_MPCB,"Vile Parle West, Mumbai - MPCB",19.10861,72.83622,2025-11-25 00:00,17.95
VILE_PARLE_WEST_MUMBAI_MPCB,"Vile Parle West, Mumbai - MPCB",19.10861,72.83622,2025-11-26 00:00,19.43
VILE_PARLE_WEST_MUMBAI_MPCB,"Vile Parle West, Mumbai - MPCB",19.10861,72.83622,2025-11-27 00:00,16.86
VILE_PARLE_WEST_MUMBAI_MPCB,"Vile Parle West, Mumbai - MPCB",19.10861,72.83622,2025-11-28 00:00,23.76
VILE_PARLE_WEST_MUMBAI_MPCB,"Vile Parle West, Mumbai - MPCB",19.10861,72.83622,2025-11-29 00:00,22.94
VILE_PARLE_WEST_MUMBAI_MPCB,"Vile Parle West, Mumbai - MPCB",19.10861,72.83622,2025-11-30 00:00,19.72
VILE_PARLE_WEST_MUMBAI_MPCB,"Vile Parle West, Mumbai - MPCB",19.10861,72.83622,2025-12-01 00:00,19.93
VILE_PARLE_WEST_MUMBAI_MPCB,"Vile Parle West, Mumbai - MPCB",19.10861,72.83622,2025-12-02 00:00,19.16
VILE_PARLE_WEST_MUMBAI_MPCB,"Vile Parle West, Mumbai - MPCB",19.10861,72.83622,2025-12-03 00:00,20.14
VILE_PARLE_WEST_MUMBAI_MPCB,"Vile Parle West, Mumbai - MPCB",19.10861,72.83622,2025-12-04 00:00,19.04
VILE_PARLE_WEST_MUMBAI_MPCB,"Vile Parle West, Mumbai - MPCB",19.10861,72.83622,2025-12-05 00:00,19.68
VILE_PARLE_WEST_MUMBAI_MPCB,"Vile Parle West, Mumbai - MPCB",19.10861,72.83622,2025-12-06 00:00,18.44
VILE_PARLE_WEST_MUMBAI_MPCB,"Vile Parle West, Mumbai - MPCB",19.10861,72.83622,2025-12-07 00:00,18.47
VILE_PARLE_WEST_MUMBAI_MPCB,"Vile Parle West, Mumbai - MPCB",19.10861,72.83622,2025-12-08 00:00,14.34
VILE_PARLE_WEST_MUMBAI_MPCB,"Vile Parle West, Mumbai - MPCB",19.10861,72.83622,2025-12-09 00:00,8.7
VILE_PARLE_WEST_MUMBAI_MPCB,"Vile Parle West, Mumbai - MPCB",19.10861,72.83622,2025-12-10 00:00,8.7
VILE_PARLE_WEST_MUMBAI_MPCB,"Vile Parle West, Mumbai - MPCB",19.10861,72.83622,2025-12-11 00:00,8.7
VILE_PARLE_WEST_MUMBAI_MPCB,"Vile Parle West, Mumbai - MPCB",19.10861,72.83622,2025-12-12 00:00,8.7
VILE_PARLE_WEST_MUMBAI_MPCB,"Vile Parle West, Mumbai - MPCB",19.10861,72.83622,2025-12-13 00:00,8.7
VILE_PARLE_WEST_MUMBAI_MPCB,"Vile Parle West, Mumbai - MPCB",19.10861,72.83622,2025-12-14 00:00,8.7
VILE_PARLE_WEST_MUMBAI_MPCB,"Vile Parle West, Mumbai - MPCB",19.10861,72.83622,2025-12-15 00:00,8.7
VILE_PARLE_WEST_MUMBAI_MPCB,"Vile Parle West, Mumbai - MPCB",19.10861,72.83622,2025-12-16 00:00,8.7
VILE_PARLE_WEST_MUMBAI_MPCB,"Vile Parle West, Mumbai - MPCB",19.10861,72.83622,2025-12-17 00:00,8.7
VILE_PARLE_WEST_MUMBAI_MPCB,"Vile Parle West, Mumbai - MPCB",19.10861,72.83622,2025-12-18 00:00,8.7
VILE_PARLE_WEST_MUMBAI_MPCB,"Vile Parle West, Mumbai - MPCB",19.10861,72.83622,2025-12-19 00:00,8.7
VILE_PARLE_WEST_MUMBAI_MPCB,"Vile Parle West, Mumbai - MPCB",19.10861,72.83622,2025-12-22 00:00,8.7
VILE_PARLE_WEST_MUMBAI_MPCB,"Vile Parle West, Mumbai - MPCB",19.10861,72.83622,2025-12-23 00:00,8.7
VILE_PARLE_WEST_MUMBAI_MPCB,"Vile Parle West, Mumbai - MPCB",19.10861,72.83622,2025-12-24 00:00,8.7
VILE_PARLE_WEST_MUMBAI_MPCB,"Vile Parle West, Mumbai - MPCB",19.10861,72.83622,2025-12-25 00:00,8.7
VILE_PARLE_WEST_MUMBAI_MPCB,"Vile Parle West, Mumbai - MPCB",19.10861,72.83622,2025-12-26 00:00,8.7
VILE_PARLE_WEST_MUMBAI_MPCB,"Vile Parle West, Mumbai - MPCB",19.10861,72.83622,2025-12-27 00:00,8.7
VILE_PARLE_WEST_MUMBAI_MPCB,"Vile Parle West, Mumbai - MPCB",19.10861,72.83622,2025-12-28 00:00,8.7
VILE_PARLE_WEST_MUMBAI_MPCB,"Vile Parle West, Mumbai - MPCB",19.10861,72.83622,2025-12-29 00:00,8.7
VILE_PARLE_WEST_MUMBAI_MPCB,"Vile Parle West, Mumbai - MPCB",19.10861,72.83622,2025-12-30 00:00,8.7
VILE_PARLE_WEST_MUMBAI_MPCB,"Vile Parle West, Mumbai - MPCB",19.10861,72.83622,2025-12-31 00:00,8.7
WORLI_MUMBAI_MPCB,"Worli, Mumbai - MPCB",18.9936162,72.8128113,2025-11-01 00:00,7.75
WORLI_MUMBAI_MPCB,"Worli, Mumbai - MPCB",18.9936162,72.8128113,2025-11-02 00:00,7.0
WORLI_MUMBAI_MPCB,"Worli, Mumbai - MPCB",18.9936162,72.8128113,2025-11-03 00:00,6.19
WORLI_MUMBAI_MPCB,"Worli, Mumbai - MPCB",18.9936162,72.8128113,2025-11-04 00:00,5.2
WORLI_MUMBAI_MPCB,"Worli, Mumbai - MPCB",18.9936162,72.8128113,2025-11-05 00:00,4.25
WORLI_MUMBAI_MPCB,"Worli, Mumbai - MPCB",18.9936162,72.8128113,2025-11-06 00:00,7.19
WORLI_MUMBAI_MPCB,"Worli, Mumbai - MPCB",18.9936162,72.8128113,2025-11-07 00:00,5.41
WORLI_MUMBAI_MPCB,"Worli, Mumbai - MPCB",18.9936162,72.8128113,2025-11-08 00:00,5.74
WORLI_MUMBAI_MPCB,"Worli, Mumbai - MPCB",18.9936162,72.8128113,2025-11-09 00:00,5.01
WORLI_MUMBAI_MPCB,"Worli, Mumbai - MPCB",18.9936162,72.8128113,2025-11-10 00:00,5.31
WORLI_MUMBAI_MPCB,"Worli, Mumbai - MPCB",18.9936162,72.8128113,2025-11-11 00:00,4.99
WORLI_MUMBAI_MPCB,"Worli, Mumbai - MPCB",18.9936162,72.8128113,2025-11-12 00:00,4.94
WORLI_MUMBAI_MPCB,"Worli, Mumbai - MPCB",18.9936162,72.8128113,2025-11-13 00:00,4.91
WORLI_MUMBAI_MPCB,"Worli, Mumbai - MPCB",18.9936162,72.8128113,2025-11-14 00:00,5.49
WORLI_MUMBAI_MPCB,"Worli, Mumbai - MPCB",18.9936162,72.8128113,2025-11-15 00:00,6.83
WORLI_MUMBAI_MPCB,"Worli, Mumbai - MPCB",18.9936162,72.8128113,2025-11-16 00:00,6.34
WORLI_MUMBAI_MPCB,"Worli, Mumbai - MPCB",18.9936162,72.8128113,2025-11-17 00:00,7.77
WORLI_MUMBAI_MPCB,"Worli, Mumbai - MPCB",18.9936162,72.8128113,2025-11-18 00:00,6.27
WORLI_MUMBAI_MPCB,"Worli, Mumbai - MPCB",18.9936162,72.8128113,2025-11-19 00:00,6.81
WORLI_MUMBAI_MPCB,"Worli, Mumbai - MPCB",18.9936162,72.8128113,2025-11-20 00:00,4.81
WORLI_MUMBAI_MPCB,"Worli, Mumbai - MPCB",18.9936162,72.8128113,2025-11-21 00:00,7.09
WORLI_MUMBAI_MPCB,"Worli, Mumbai - MPCB",18.9936162,72.8128113,2025-11-22 00:00,4.92
WORLI_MUMBAI_MPCB,"Worli, Mumbai - MPCB",18.9936162,72.8128113,2025-11-23 00:00,5.68
WORLI_MUMBAI_MPCB,"Worli, Mumbai - MPCB",18.9936162,72.8128113,2025-11-24 00:00,5.52
WORLI_MUMBAI_MPCB,"Worli, Mumbai - MPCB",18.9936162,72.8128113,2025-11-25 00:00,5.68
WORLI_MUMBAI_MPCB,"Worli, Mumbai - MPCB",18.9936162,72.8128113,2025-11-26 00:00,5.25
WORLI_MUMBAI_MPCB,"Worli, Mumbai - MPCB",18.9936162,72.8128113,2025-11-27 00:00,6.26
WORLI_MUMBAI_MPCB,"Worli, Mumbai - MPCB",18.9936162,72.8128113,2025-11-28 00:00,6.96
WORLI_MUMBAI_MPCB,"Worli, Mumbai - MPCB",18.9936162,72.8128113,2025-11-29 00:00,5.69
WORLI_MUMBAI_MPCB,"Worli, Mumbai - MPCB",18.9936162,72.8128113,2025-11-30 00:00,6.27
WORLI_MUMBAI_MPCB,"Worli, Mumbai - MPCB",18.9936162,72.8128113,2025-12-01 00:00,6.69
WORLI_MUMBAI_MPCB,"Worli, Mumbai - MPCB",18.9936162,72.8128113,2025-12-02 00:00,5.51
WORLI_MUMBAI_MPCB,"Worli, Mumbai - MPCB",18.9936162,72.8128113,2025-12-03 00:00,5.42
WORLI_MUMBAI_MPCB,"Worli, Mumbai - MPCB",18.9936162,72.8128113,2025-12-04 00:00,6.58
WORLI_MUMBAI_MPCB,"Worli, Mumbai - MPCB",18.9936162,72.8128113,2025-12-05 00:00,6.26
WORLI_MUMBAI_MPCB,"Worli, Mumbai - MPCB",18.9936162,72.8128113,2025-12-06 00:00,8.4
WORLI_MUMBAI_MPCB,"Worli, Mumbai - MPCB",18.9936162,72.8128113,2025-12-07 00:00,6.65
WORLI_MUMBAI_MPCB,"Worli, Mumbai - MPCB",18.9936162,72.8128113,2025-12-08 00:00,6.48
WORLI_MUMBAI_MPCB,"Worli, Mumbai - MPCB",18.9936162,72.8128113,2025-12-09 00:00,6.01
WORLI_MUMBAI_MPCB,"Worli, Mumbai - MPCB",18.9936162,72.8128113,2025-12-10 00:00,5.38
WORLI_MUMBAI_MPCB,"Worli, Mumbai - MPCB",18.9936162,72.8128113,2025-12-11 00:00,6.47
WORLI_MUMBAI_MPCB,"Worli, Mumbai - MPCB",18.9936162,72.8128113,2025-12-12 00:00,7.81
WORLI_MUMBAI_MPCB,"Worli, Mumbai - MPCB",18.9936162,72.8128113,2025-12-13 00:00,6.93
WORLI_MUMBAI_MPCB,"Worli, Mumbai - MPCB",18.9936162,72.8128113,2025-12-14 00:00,7.8
WORLI_MUMBAI_MPCB,"Worli, Mumbai - MPCB",18.9936162,72.8128113,2025-12-15 00:00,6.19
WORLI_MUMBAI_MPCB,"Worli, Mumbai - MPCB",18.9936162,72.8128113,2025-12-16 00:00,7.92
WORLI_MUMBAI_MPCB,"Worli, Mumbai - MPCB",18.9936162,72.8128113,2025-12-17 00:00,8.16
WORLI_MUMBAI_MPCB,"Worli, Mumbai - MPCB",18.9936162,72.8128113,2025-12-18 00:00,7.2
WORLI_MUMBAI_MPCB,"Worli, Mumbai - MPCB",18.9936162,72.8128113,2025-12-19 00:00,6.36
WORLI_MUMBAI_MPCB,"Worli, Mumbai - MPCB",18.9936162,72.8128113,2025-12-20 00:00,5.31
